title,area,detailplace,square,position,roomtype,price
整租·倾城酒店 1室0厅 西南,越秀,盘福,56.01,西,1室0厅1卫,3500
整租·番禺华景新城 3室2厅 南,番禺,桥南,86.6,南,3室2厅2卫,2000
整租·黄埔中央城 3室2厅 南,黄埔,香雪,102.09,南,3室2厅2卫,3500
整租·珠江帝景苑 5室2厅 西北,海珠,广州塔,197.0,西,5室2厅3卫,13000
整租·敏捷绿湖首府二期 3室2厅 南,增城,石滩镇,122.0,南,3室2厅2卫,1300
整租·环市东路 2室2厅 南,越秀,环市东,81.0,南,2室2厅1卫,4000
整租·实地蔷薇国际 3室2厅 南,增城,荔城西区,114.0,南,3室2厅2卫,1800
整租·实地常春藤 3室2厅 东南,黄埔,黄埔永和,99.0,东,3室2厅2卫,2500
整租·碧桂园凤凰城凤妍苑 3室2厅 南,增城,凤凰城,100.0,南,3室2厅1卫,2000
整租·祈福新村A区 4室2厅 南,番禺,祈福新村,192.0,南,4室2厅3卫,8000
整租·保利中航城二期 4室2厅 南,增城,朱村,108.8,南,4室2厅2卫,2800
整租·中广大厦 2室1厅 西北,海珠,江南大道中,87.0,西,2室1厅1卫,4500
整租·招商臻园 4室2厅 南,增城,新塘北,126.74,南,4室2厅2卫,3600
整租·时尚广场 3室2厅 南/北,增城,新塘北,120.22,南,3室2厅2卫,2800
整租·光大花园榕城尚品公寓 1室1厅 东南,海珠,工业大道北,39.34,东,1室1厅1卫,1750
整租·实地蔷薇国际 4室2厅 南,增城,荔城西区,117.0,南,4室2厅2卫,1600
整租·叠溪花园 3室2厅 南,增城,朱村,93.0,南,3室2厅2卫,1800
整租·碧桂园海湾1号 1室0厅 南,南沙,南沙港,15.0,南,1室0厅0卫,180
整租·南沙湾东苑 4室2厅 南/北,南沙,南沙港,147.0,南,4室2厅2卫,3200
整租·万科元培里 3室2厅 南,黄埔,科学城,93.55,南,3室2厅2卫,3000
整租·奥园莲峰圣境 4室2厅 南,番禺,莲花山,173.0,南,4室2厅3卫,4500
整租·荔城花园 3室2厅 东,增城,荔城西区,131.0,东,3室2厅2卫,2100
整租·富力盈丰大厦 2室1厅 西南,天河,珠江新城西,102.0,西,2室1厅1卫,9000
整租·万科海上明月 3室2厅 复式 东南,南沙,黄阁,86.15,东,3室2厅2卫,2000
整租·东方名都花园 1室1厅 北,增城,白江,50.32,北,1室1厅1卫,1500
整租·君立国际公寓 3室1厅 南,白云,同和,81.53,南,3室1厅1卫,4140
整租·天河广场 3室1厅 南/西/北,天河,东圃,107.97,南,3室1厅2卫,4300
整租·逢源路 1室0厅 南,荔湾,龙津,30.0,南,1室0厅0卫,5600
整租·中交蓝色海湾 3室2厅 北,南沙,南沙港,93.0,北,3室2厅1卫,2800
整租·东港花园 3室2厅 南,黄埔,文冲,110.0,南,3室2厅2卫,4500
整租·盈港国际 3室1厅 北,南沙,进港大道,140.0,北,3室1厅0卫,7000
整租·恒大山水城 3室2厅 北,增城,中新镇,130.0,北,3室2厅2卫,2500
整租·东川路 2室1厅 东北,越秀,东川路,32.0,东,2室1厅1卫,2000
整租·华丰金湾 3室2厅 南,南沙,明珠湾,98.0,南,3室2厅2卫,3800
整租·湖滨小区 4室1厅 东北,越秀,东湖,130.0,东,4室1厅1卫,9000
整租·富雅都市华庭 3室2厅 南,增城,新塘北,97.0,南,3室2厅2卫,2400
整租·南国奥园 3室2厅 错层 东南/南,番禺,汉溪长隆,156.0,东,3室2厅2卫,4800
整租·大壮国际广场 1室0厅 南,黄埔,科学城,38.0,南,1室0厅1卫,2000
整租·海伦堡流金岁月 3室2厅 东南,番禺,桥南,150.0,东,3室2厅3卫,4700
整租·珠江华景里 1室1厅 西南,天河,华景新城,45.0,西,1室1厅2卫,4500
整租·穗园小区 4室2厅 西南,天河,天润路,145.0,西,4室2厅1卫,6800
整租·保利林语山庄 5室1厅 复式 南,黄埔,科学城,295.0,南,5室1厅1卫,11500
整租·越秀可逸江畔 0室0厅 南,番禺,桥南,22.0,南,,600
整租·保利中航城二期 4室2厅 南,增城,朱村,109.99,南,4室2厅2卫,3400
整租·佳兆业城市广场 3室1厅 南,黄埔,南岗,50.0,南,3室1厅2卫,3000
整租·万博翠湖花园 7室2厅 复式 南/北,番禺,汉溪长隆,398.0,南,7室2厅4卫,15000
整租·蓬莱路 2室1厅 南,荔湾,黄沙,57.16,南,2室1厅1卫,2480
整租·叠溪花园 3室2厅 南,增城,朱村,105.0,南,3室2厅2卫,2200
合租·新世界逸彩庭园 3居室 西卧,荔湾,滘口,7.3,西,3室1厅1卫,1144
合租·小东园 4居室 南卧,越秀,东山口,10.45,南,4室1厅1卫,1921
整租·保利西海岸星海花园 1室1厅 东南,白云,金沙洲,45.58,东,1室1厅1卫,2900
整租·耀星华庭 1室1厅 东,天河,林和,24.75,东,1室1厅1卫,2500
整租·时代风华 1室1厅 南,增城,新塘北,33.0,南,1室1厅1卫,1200
整租·奥园中新城市天地 3室2厅 北/东北,增城,中新镇,76.0,北,3室2厅1卫,2200
整租·汇金国际金融中心 1室0厅 东,天河,金融城,42.0,东,1室0厅1卫,4600
整租·金茂万科都会四季 3室1厅 南,增城,白江,87.56,南,3室1厅2卫,2390
整租·金地天河公馆 3室2厅 西北,天河,黄村,89.0,西,3室2厅1卫,4300
整租·好世界公寓 1室0厅 南,越秀,建设路,36.0,南,1室0厅1卫,3285
整租·马蹄岗大街 3室2厅 东南,天河,燕塘,70.0,东,3室2厅1卫,1300
整租·民航小区松云街 3室2厅 南,白云,机场路,103.0,南,3室2厅1卫,4850
整租·奥园中新城市天地 4室2厅 东南/南,增城,中新镇,98.0,东,4室2厅2卫,3000
整租·星河壹号公馆 3室1厅 东南,南沙,金洲,40.0,东,3室1厅1卫,1500
整租·奥园中新城市天地 3室2厅 北/东北,增城,中新镇,76.0,北,3室2厅1卫,2200
整租·万科云城米酷 1室1厅 北,天河,智慧城,26.0,北,1室1厅1卫,2001
整租·翔韵雅居 1室0厅 东南,海珠,滨江东,11.0,东,1室0厅0卫,1200
整租·锦绣新天地 3室2厅 东南,增城,新塘南,89.0,东,3室2厅2卫,2400
整租·奥园中新城市天地 3室2厅 北/东北,增城,中新镇,76.0,北,3室2厅1卫,2200
整租·富力天朗明居 2室1厅 北,天河,棠下,65.39,北,2室1厅1卫,3500
整租·怡乐路 1室0厅 南,海珠,中大,43.0,南,1室0厅0卫,5590
整租·百灵路 2室1厅 东南,越秀,盘福,50.0,东,2室1厅1卫,3000
整租·自在城市花园一二期 4室1厅 南,番禺,汉溪长隆,100.76,南,4室1厅2卫,3700
整租·南沙金茂湾 3室2厅 东,南沙,明珠湾,97.0,东,3室2厅2卫,4470
整租·恒大阳光半岛 3室2厅 南,南沙,万顷沙,99.0,南,3室2厅2卫,1900
整租·中国铁建国际花园 3室1厅 南,增城,朱村,92.0,南,3室1厅2卫,1500
整租·青菜岗 2室1厅 东/南/北,越秀,建设路,50.0,东,2室1厅1卫,3300
整租·翠微庄园 1室0厅 南,天河,天河公园,12.0,南,1室0厅0卫,850
整租·骏景花园 2室2厅 北,天河,棠下,75.75,北,2室2厅1卫,3400
整租·恒大阳光半岛 3室2厅 南,南沙,万顷沙,99.0,南,3室2厅2卫,1900
整租·中国铁建国际花园 3室1厅 南,增城,朱村,92.0,南,3室1厅2卫,1500
整租·青菜岗 2室1厅 东/南/北,越秀,建设路,50.0,东,2室1厅1卫,3300
整租·翠微庄园 1室0厅 南,天河,天河公园,12.0,南,1室0厅0卫,850
整租·华景新城怡景园 2室2厅 南,天河,华景新城,70.0,南,2室2厅1卫,4300
整租·萝岗敏捷广场 2室2厅 东,黄埔,科学城,61.0,东,2室2厅1卫,2000
整租·广垦天河1号 1室1厅 北,天河,沙太南,36.0,北,1室1厅1卫,3900
整租·五羊商住中心 3室2厅 东南,越秀,五羊新城,92.55,东,3室2厅1卫,4800
整租·合景天峻 2室1厅 西南,黄埔,知识城,42.0,西,2室1厅1卫,2000
整租·时代中国时代天韵 3室2厅 北,黄埔,知识城,115.0,北,3室2厅2卫,3500
整租·南沙金茂湾 3室1厅 西南,南沙,明珠湾,83.0,西,3室1厅1卫,2700
整租·奥园中新城市天地 3室2厅 东南/南,增城,中新镇,87.0,东,3室2厅2卫,2500
整租·光复中路 1室1厅 东,荔湾,龙津,37.57,东,1室1厅1卫,2300
整租·奥园中新城市天地 3室1厅 北/东北,增城,中新镇,76.0,北,3室1厅1卫,2200
整租·南国奥园 4室2厅 东/南,番禺,汉溪长隆,340.0,东,4室2厅3卫,10000
整租·奥园中新城市天地 4室2厅 东/东南/南,增城,中新镇,98.0,东,4室2厅2卫,3200
整租·逸泉映翠 3室2厅 南,从化,江埔街,95.0,南,3室2厅1卫,2100
整租·远洋小区 2室1厅 南/北,天河,林和,74.0,南,2室1厅1卫,5200
整租·茶景园 3室2厅 南,天河,五山,80.0,南,3室2厅1卫,4500
整租·第三金碧花园 1室0厅 南,海珠,金碧,12.0,南,1室0厅0卫,1300
整租·温馨家园 3室2厅 南,从化,新城片区,127.24,南,3室2厅2卫,2400
整租·万科尚城御府 1室1厅 复式 南,黄埔,南岗,32.0,南,1室1厅1卫,2000
整租·大德路 1室0厅 北,越秀,解放南,30.0,北,1室0厅1卫,3000
整租·环翠小区 3室2厅 南,增城,荔城中区,110.0,南,3室2厅2卫,1500
整租·来福园 3室1厅 南,番禺,市桥,100.0,南,3室1厅1卫,2300
整租·隆辉创意公馆  1室1厅 北,番禺,钟村,72.0,北,1室1厅1卫,2000
整租·沙园路(海珠) 1室1厅 东,海珠,沙园,38.0,东,1室1厅1卫,2200
整租·中海观园国际 3室2厅 南,天河,珠江新城东,197.0,南,3室2厅2卫,25000
整租·南华东路 2室1厅 东南/南,海珠,滨江中,50.0,东,2室1厅1卫,3200
整租·骏文雅苑 4室2厅 东,越秀,农讲所,141.84,东,4室2厅2卫,12500
整租·时代风华 3室2厅 南,增城,新塘北,90.0,南,3室2厅2卫,2600
整租·祈福新村祈福名都 4室2厅 南/北,番禺,祈福新村,163.0,南,4室2厅2卫,6500
整租·碧桂园城市花园花岸苑 3室2厅 北,增城,朱村,116.0,北,3室2厅2卫,2000
整租·招商城市主场 2室1厅 复式 北,番禺,万博,45.0,北,2室1厅1卫,4600
合租·云景花园云枫苑 4居室 东卧,白云,京溪,11.53,东,4室1厅2卫,1921
整租·易丰大厦 1室1厅 西,天河,天河公园,28.97,西,1室1厅1卫,3559
合租·瑞东花园 4居室 北卧,黄埔,文冲,13.8,北,4室1厅1卫,1606
整租·应元路 2室1厅 南,越秀,小北,75.0,南,2室1厅1卫,3800
整租·培正一横路 2室1厅 东,越秀,东山口,52.0,东,2室1厅1卫,4500
整租·金沙路 2室1厅 东,海珠,工业大道北,60.0,东,2室1厅1卫,2800
整租·招商城市主场 1室1厅 东南/南,番禺,万博,40.0,东,1室1厅1卫,2800
整租·鹤亭新村 3室1厅 东北,白云,太和,65.0,东,3室1厅1卫,900
整租·兴普紫园 1室0厅 南,黄埔,科学城,32.0,南,1室0厅1卫,1900
整租·六榕路 1室3厅 南/西南,越秀,西门口,90.0,南,1室3厅1卫,3200
整租·中泰天境 2室2厅 北,黄埔,知识城,72.0,北,2室2厅1卫,2800
整租·芳草园 2室1厅 北,天河,天润路,86.02,北,2室1厅1卫,7234
整租·凯德山海连城一期 4室2厅 南,番禺,莲花山,186.0,南,4室2厅3卫,5000
整租·青菜岗 1室1厅 南/北,越秀,建设路,40.0,南,1室1厅1卫,3200
整租·广发花园 2室1厅 西北,越秀,东风东,90.15,西,2室1厅1卫,7339
整租·翰林国际 3室2厅 南,从化,旧城区,139.93,南,3室2厅2卫,1500
整租·雅居乐·岭会 3室2厅 东南,花都,狮岭镇,98.0,东,3室2厅1卫,2200
整租·尚东阳光 2室2厅 南,增城,沙村,86.0,南,2室2厅1卫,900
整租·水荫路 1室1厅 东/西,越秀,水荫,40.0,东,1室1厅1卫,2500
整租·水荫四横路 2室1厅 南,天河,水荫,60.0,南,2室1厅1卫,3200
整租·SOLO禺意湾8号 1室1厅 南,番禺,大石,40.0,南,1室1厅1卫,1850
合租·逸景翠园 4居室 西南卧,海珠,广州大道南,10.02,西,4室1厅2卫,1533
整租·东山创意园 1室1厅 东南,白云,新市,67.0,东,1室1厅1卫,1600
整租·艺景明苑 3室2厅 南,花都,铁路西,72.63,南,3室2厅1卫,900
整租·凯旋新世界广粤尊府 4室2厅 南,天河,珠江新城东,280.0,南,4室2厅3卫,76000
整租·永福路永福西约 1室1厅 西南,越秀,黄花岗,30.0,西,1室1厅1卫,2000
合租·萝岗和苑 5居室 东卧,黄埔,科学城,11.9,东,5室1厅2卫,1459
整租·阳光城丽景湾 3室2厅 东北,南沙,进港大道,131.0,东,3室2厅2卫,2500
整租·珠江大家庭花园 3室1厅 南/北,海珠,琶洲中,138.0,南,3室1厅2卫,6200
整租·南沙万达广场 1室1厅 南,南沙,金洲,50.0,南,1室1厅1卫,1500
整租·英豪花园 3室2厅 东,海珠,东晓南,90.0,东,3室2厅1卫,4800
整租·保利平方花园 4室2厅 北,增城,永宁,106.0,北,4室2厅2卫,1800
整租·中国铁建环球中心 4室2厅 东南,南沙,南沙区府,128.0,东,4室2厅2卫,5000
整租·星汇云锦 1室0厅 北,天河,珠江新城西,12.0,北,1室0厅0卫,1100
合租·东成花苑 4居室 北卧,天河,天河公园,7.18,北,4室1厅2卫,1459
整租·琶洲新村公寓 1室0厅 南,海珠,琶洲东,38.0,南,1室0厅1卫,4000
合租·海丝知识中心 4居室 南卧,黄埔,知识城,30.0,南,4室0厅1卫,1000
整租·纵横公寓 3室2厅 南/北,海珠,赤岗,120.0,南,3室2厅2卫,6800
合租·江南西路 4居室 西南卧,海珠,江南西,26.0,西,4室0厅1卫,2000
合租·珊瑚湾畔 4居室 南卧,番禺,厦滘,20.0,南,4室0厅0卫,2100
合租·文冲回迁房八期 5居室 南卧,黄埔,文冲,11.76,南,5室1厅3卫,1879
合租·保利心语 4居室 南卧,天河,珠江新城中,10.85,南,4室1厅2卫,2299
合租·广海花园 4居室 北卧,天河,天河公园,9.4,北,4室1厅2卫,1984
整租·湾区·金融城 4室2厅 南,南沙,明珠湾,136.0,南,4室2厅2卫,3059
整租·环市东路 2室1厅 东南,越秀,环市东,60.0,东,2室1厅1卫,3500
整租·广州融创文旅城商务公寓 1室1厅 东,花都,花城街,46.0,东,1室1厅1卫,1200
合租·侨苑小区(天河区) 4居室 北卧,天河,体育中心,30.0,北,4室0厅0卫,2500
整租·华南碧桂园芳翠苑 3室2厅 北,番禺,华南碧桂园,107.0,北,3室2厅2卫,4300
合租·嘉富广场 4居室 东卧,越秀,水荫,7.22,东,4室1厅2卫,1606
整租·珠江帝景苑 4室2厅 南/北,海珠,广州塔,200.0,南,4室2厅2卫,23000
整租·广州敏捷绿湖首府 4室2厅 东南,增城,石滩镇,127.0,东,4室2厅2卫,1800
整租·侨怡苑 2室1厅 南,天河,体育中心,80.0,南,2室1厅1卫,4300
合租·珠江大家庭花园 4居室 南卧,海珠,琶洲中,11.5,南,4室1厅2卫,2131
整租·滨江西路 3室1厅 东南,海珠,滨江西,80.0,东,3室1厅1卫,3500
整租·广州雅居乐花园上善若水 1室0厅 南,番禺,雅居乐,12.0,南,1室0厅0卫,600
title,area,detailplace,square,position,roomtype,price
合租·侨林苑 3居室 北卧,天河,林和,8.25,北,3室1厅1卫,1669
整租·广州大道中 3室1厅 南,天河,体育中心,83.6,南,3室1厅1卫,4600
整租·颐德公馆 3室1厅 南,天河,珠江新城东,173.0,南,3室1厅2卫,36000
整租·共和西路 2室1厅 南,越秀,杨箕,57.0,南,2室1厅1卫,3500
合租·惠城花园 3居室 东卧,荔湾,龙津,12.7,东,3室1厅1卫,1879
合租·福金莲花园 5居室 西卧,天河,员村,18.01,西,5室1厅3卫,2341
整租·钧明欢乐世界 1室1厅 北,增城,永宁,55.0,北,1室1厅1卫,1800
整租·富力泉天下 4室2厅 东南,从化,温泉镇,146.48,东,4室2厅2卫,2600
整租·榕溪花园 1室1厅 南,白云,石井,33.0,南,1室1厅1卫,1300
合租·金海花园 4居室 北卧,天河,龙口东,8.35,北,4室1厅2卫,2089
合租·紫丹阁 4居室 北卧,海珠,江南大道中,7.0,北,4室1厅2卫,1533
合租·英豪花园 3居室 北卧,海珠,东晓南,12.8,北,3室1厅1卫,1606
合租·新庆花园 4居室 西卧,天河,珠江新城东,13.0,西,4室1厅2卫,2026
合租·翠湖山庄 4居室 东卧,天河,天河公园,26.2,东,4室1厅2卫,2268
合租·六运小区 3居室 南卧,天河,天河南,11.7,南,3室1厅1卫,1879
整租·都府社区 2室2厅 西北,越秀,公园前,61.0,西,2室2厅1卫,3200
整租·万科爱地住宅区 1室0厅 南,白云,金沙洲,12.0,南,1室0厅0卫,550
整租·五羊小区 1室1厅 东,越秀,五羊新城,30.0,东,1室1厅1卫,8300
整租·德兴路(番禺) 3室2厅 南/北,番禺,市桥,141.5,南,3室2厅2卫,3600
整租·时代新世界 3室2厅 东南/西北,天河,林和,121.0,东,3室2厅1卫,4500
整租·恒大山水郡 3室2厅 南,增城,中新镇,106.0,南,3室2厅2卫,1260
合租·海龙湾 5居室 南卧,番禺,南浦,6.21,南,5室1厅2卫,1008
合租·东怡新区东倩园 4居室 北卧,番禺,东怡新区,9.0,北,4室1厅2卫,1113
整租·元邦明月水岸 1室0厅 东/东南/南/西南/西/西北/北/东北,荔湾,西朗,12.0,东,1室0厅0卫,500
整租·名门大厦 1室1厅 东,天河,珠江新城西,137.0,东,1室1厅0卫,11000
整租·龙湖首开云峰原著 4室2厅 复式 南,黄埔,香雪,113.0,南,4室2厅3卫,4200
合租·高教花园 4居室 南卧,海珠,琶洲西,10.1,南,4室1厅2卫,1953
整租·新世界锦云峰 1室0厅 南,白云,嘉禾望岗,12.0,南,1室0厅0卫,900
整租·小北路 1室1厅 南,越秀,小北,30.0,南,1室1厅1卫,1500
合租·金海花园 4居室 东卧,天河,龙口东,5.11,东,4室1厅2卫,1396
整租·大城云山 2室1厅 西南,从化,太平镇,83.19,西,2室1厅1卫,1500
合租·文冲安置房七期 4居室 南卧,黄埔,文冲,16.97,南,4室1厅2卫,2299
合租·南雅苑 4居室 东南卧,天河,天河南,18.0,东,4室0厅1卫,1700
整租·合景天峻 1室0厅 东南,黄埔,知识城,29.5,东,1室0厅1卫,1500
整租·假日花园 2室2厅 东南,增城,白江,110.0,东,2室2厅2卫,2300
整租·香江天赋 5室2厅 东南,增城,凤凰城,130.0,东,5室2厅3卫,4500
整租·增城万达广场 1室0厅 东北,增城,增城区府,53.0,东,1室0厅1卫,1300
整租·东风中路 3室1厅 南,越秀,小北,37.44,南,3室1厅1卫,2800
合租·丽晶大厦 4居室 北卧,越秀,淘金,8.5,北,4室1厅2卫,1774
整租·丽晴轩 4室2厅 南,天河,粤垦,148.0,南,4室2厅2卫,7000
合租·文冲安置房七期 4居室 南卧,黄埔,文冲,10.4,南,4室1厅2卫,1428
整租·实地常春藤 5室2厅 南/西南,黄埔,黄埔永和,140.0,南,5室2厅2卫,3500
合租·瑞东花园 4居室 北卧,黄埔,文冲,10.11,北,4室1厅1卫,1249
整租·中大城 2室2厅 南,南沙,金洲,87.0,南,2室2厅1卫,2000
合租·天河峰景 5居室 西卧,天河,燕塘,9.64,西,5室1厅2卫,1774
整租·顺德碧桂园彩虹居 4室2厅 西,番禺,顺德碧桂园,185.0,西,4室2厅3卫,6500
整租·中交蓝色海湾 4室2厅 东南,南沙,南沙港,143.0,东,4室2厅2卫,4300
整租·新河浦二横路 4室2厅 南/北,越秀,东山口,183.0,南,4室2厅1卫,28000
整租·金科景业·雍景园 4室2厅 东南,增城,中新镇,98.0,东,4室2厅2卫,2500
整租·中国铁建环球中心 2室1厅 西南,南沙,南沙区府,129.3,西,2室1厅1卫,8000
整租·敏捷尚品国际 1室0厅 南,南沙,进港大道,66.0,南,1室0厅0卫,800
整租·淘金北路 2室1厅 南,越秀,淘金,60.0,南,2室1厅1卫,4000
合租·丽晶华庭 4居室 北卧,天河,珠江新城西,10.2,北,4室1厅2卫,2299
整租·中交汇通中心 1室1厅 北,南沙,明珠湾,56.0,北,1室1厅1卫,1600
整租·碧桂园凤凰城凤锦苑 4室2厅 东北,增城,凤凰城,198.0,东,4室2厅2卫,3800
整租·三育路 1室0厅 北,越秀,东山口,15.0,北,1室0厅0卫,1500
合租·天誉华庭 4居室 西卧,天河,龙口西,6.17,西,4室1厅1卫,1711
合租·珠江大家庭花园 4居室 北卧,海珠,琶洲中,13.29,北,4室1厅2卫,2551
整租·保利丰花园 4室1厅 南,海珠,洪德,93.0,南,4室1厅1卫,5000
整租·六运小区 1室1厅 南,天河,天河南,50.0,南,1室1厅1卫,2900
整租·越秀明珠天悦江湾 3室2厅 南,南沙,明珠湾,90.0,南,3室2厅2卫,3500
整租·星河畔月湾 3室2厅 东,南沙,横沥,125.69,东,3室2厅1卫,2500
整租·华江花园 2室1厅 南,天河,天河公园,96.41,南,2室1厅2卫,6289
整租·南珠广场 2室1厅 南,海珠,江燕路,99.0,南,2室1厅1卫,5800
整租·保利中航城花园一期 4室2厅 南,增城,朱村,104.0,南,4室2厅2卫,2000
整租·纵横公寓 1室1厅 北,海珠,赤岗,62.46,北,1室1厅1卫,4546
整租·会展世界城 2室1厅 南,海珠,琶洲东,86.22,南,2室1厅1卫,7339
整租·耀星华庭 2室1厅 北,天河,林和,89.53,北,2室1厅1卫,6468
整租·碧海大厦 3室1厅 东,海珠,客村,60.04,东,3室1厅1卫,5500
整租·星河畔月湾 3室2厅 东,南沙,横沥,125.69,东,3室2厅1卫,2500
合租·瑞东花园 4居室 北卧,黄埔,文冲,13.8,北,4室1厅1卫,1606
整租·芳草园 2室1厅 北,天河,天润路,86.02,北,2室1厅1卫,7234
整租·叠溪花园 3室2厅 东南,增城,朱村,95.3,东,3室2厅2卫,1500
合租·第三金碧花园 4居室 东北卧,海珠,金碧,16.0,东,4室1厅2卫,2299
整租·广州绿地城 1室1厅 南,黄埔,知识城,46.12,南,1室1厅1卫,1050
整租·广州足球公园 1室1厅 南,番禺,钟村,53.57,南,1室1厅1卫,2400
整租·共和苑 2室1厅 南/北,越秀,杨箕,57.0,南,2室1厅1卫,2400
合租·葛洲坝保利曼城 4居室 北卧,荔湾,广钢新城,12.0,北,4室1厅2卫,1588
整租·海龙湾 4室2厅 南,番禺,南浦,173.8,南,4室2厅2卫,6000
整租·富景花园 1室1厅 北,海珠,新港西,35.0,北,1室1厅1卫,3286
整租·五矿招商·鹭山府 3室2厅 东南,黄埔,大沙地,98.0,东,3室2厅2卫,4800
合租·广州雅居乐花园雅逸庭 4居室 西北卧,番禺,雅居乐,13.5,西,4室1厅2卫,1638
合租·逸景翠园 4居室 西南卧,海珠,广州大道南,10.02,西,4室1厅2卫,1533
整租·碧桂园玺悦 3室2厅 南,南沙,进港大道,97.84,南,3室2厅2卫,2100
合租·锦安苑 3居室 南卧,海珠,客村,17.73,南,3室1厅1卫,2131
整租·富力金港城南区 2室2厅 北,花都,花东镇,82.0,北,2室2厅1卫,1900
整租·耀星华庭 1室1厅 西,天河,林和,24.74,西,1室1厅1卫,3318
整租·黄金广场 9室2厅 南/西,荔湾,黄沙,2000.0,南,9室2厅1卫,176000
整租·雪域澜庭A2区 3室2厅 南,花都,花城街,98.0,南,3室2厅2卫,3500
整租·尚东阳光 2室1厅 北,增城,沙村,50.0,北,2室1厅1卫,2050
整租·广兴华花园 5室2厅 东,越秀,五羊新城,303.0,东,5室2厅3卫,30000
合租·群星新邨 5居室 北卧,增城,白江,13.1,北,5室1厅3卫,1249
整租·中交港湾国际 1室1厅 南,黄埔,黄埔区府,50.0,南,1室1厅1卫,3300
整租·兰亭盛荟 2室2厅 北,天河,东圃,70.88,北,2室2厅1卫,5000
整租·成业小区 3室2厅 南/北,花都,旧区,122.0,南,3室2厅1卫,1300
整租·光大花园中海锦榕湾 1室0厅 东南,海珠,工业大道北,12.0,东,1室0厅0卫,1300
整租·解放中路 2室1厅 东南,越秀,公园前,80.0,东,2室1厅1卫,3000
整租·越秀中路 1室0厅 北,越秀,农讲所,25.0,北,1室0厅1卫,1750
整租·万科城 4室2厅 南,黄埔,科学城,173.0,南,4室2厅3卫,11000
整租·大北路 1室1厅 南,番禺,市桥,33.7,南,1室1厅1卫,800
合租·越秀万力·星悦峯 4居室 北卧,黄埔,夏园,20.0,北,4室0厅4卫,1100
整租·半山雍景苑 4室2厅 南/北,天河,汇景新城,119.0,南,4室2厅2卫,6800
合租·越秀万力·星悦峯 4居室 南卧,黄埔,夏园,20.0,南,4室0厅4卫,1300
整租·荔富湖畔 2室1厅 东南,增城,朱村,76.0,东,2室1厅1卫,1500
整租·敏捷尚品国际 4室2厅 北,南沙,进港大道,80.88,北,4室2厅1卫,4300
整租·合汇·中央广场 3室2厅 南,增城,荔城中区,119.38,南,3室2厅2卫,3800
整租·珠实大院 3室2厅 南/北,越秀,建设路,123.0,南,3室2厅1卫,4700
整租·中交蓝色海湾 4室2厅 东南/西北,南沙,南沙港,177.0,东,4室2厅3卫,7000
整租·广州敏捷绿湖首府 3室2厅 北,增城,石滩镇,95.0,北,3室2厅1卫,1500
合租·嘉宝华庭 4居室 西卧,天河,龙口西,13.24,西,4室1厅2卫,2089
合租·耀星华庭 4居室 南卧,天河,林和,9.66,南,4室1厅2卫,1848
整租·碧桂园凤凰城凤馨苑 1室0厅 南,增城,凤凰城,12.0,南,1室0厅0卫,300
整租·时代风华 1室0厅 南,增城,新塘北,25.0,南,1室0厅0卫,220
整租·时代风华 1室0厅 南,增城,新塘北,25.0,南,1室0厅0卫,198
合租·盈嘉花园 5居室 北卧,天河,珠江新城中,13.71,北,5室1厅3卫,2268
整租·时代风华 1室0厅 南,增城,新塘北,25.0,南,1室0厅0卫,220
整租·时代风华 1室0厅 北,增城,新塘北,12.0,北,1室0厅0卫,160
整租·时代风华 1室0厅 南,增城,新塘北,25.0,南,1室0厅0卫,220
整租·时代风华 1室0厅 北,增城,新塘北,12.0,北,1室0厅0卫,180
合租·纵横公寓 4居室 南卧,海珠,赤岗,8.7,南,4室1厅1卫,1638
整租·敏捷绿湖首府三期 3室2厅 南,增城,石滩镇,103.46,南,3室2厅2卫,1300
合租·丽晶华庭 4居室 南卧,天河,珠江新城西,9.67,南,4室1厅2卫,2299
合租·聚侨苑 4居室 北卧,天河,天河南,6.86,北,4室1厅2卫,1533
合租·磨碟沙花苑 4居室 南卧,海珠,琶洲西,10.5,南,4室1厅2卫,3034
整租·奥园康威广场 3室2厅 北,增城,新塘北,70.0,北,3室2厅2卫,1633
整租·凯旋国际 1室1厅 南/北,花都,新区,55.0,南,1室1厅1卫,1000
合租·骏景花园 5居室 南卧,天河,棠下,20.0,南,5室1厅2卫,2131
整租·星辰财富港 0室0厅 南,天河,珠江新城西,12.0,南,,1000
合租·中海名都 4居室 西卧,海珠,滨江中,7.12,西,4室1厅2卫,1606
整租·保利世纪绿洲二期 5室2厅 南,天河,龙洞,210.0,南,5室2厅3卫,10500
整租·尚东尚筑 4室2厅 南,番禺,番禺客运站,92.0,南,4室2厅1卫,5000
整租·精彩生活大厦 3室2厅 东/东南/南,越秀,北京路,117.0,东,3室2厅2卫,11500
整租·保利西海岸瀚海花园 1室0厅 东,白云,金沙洲,12.0,东,1室0厅0卫,750
合租·历德雅舍 4居室 南卧,天河,华景新城,10.6,南,4室1厅3卫,1953
整租·东风中路 3室1厅 东南,越秀,小北,55.0,东,3室1厅1卫,2800
合租·时代玫瑰园 4居室 东卧,白云,黄边,8.0,东,4室1厅2卫,1501
合租·佰利山 4居室 西北卧,番禺,雅居乐,10.2,西,4室1厅1卫,1669
整租·碧桂园凤凰城凤妍苑 3室2厅 西北,增城,凤凰城,100.0,西,3室2厅1卫,2300
整租·广州敏捷绿湖首府 3室1厅 东北,增城,石滩镇,93.0,东,3室1厅1卫,1660
整租·湾区·金融城 3室2厅 南,南沙,明珠湾,102.44,南,3室2厅2卫,2800
整租·南沙万达广场 1室1厅 南,南沙,金洲,270.0,南,1室1厅1卫,11500
整租·周门小区周门北路 2室1厅 东/北,荔湾,周门,75.5,东,2室1厅1卫,3000
整租·东风广场 2室2厅 北,越秀,东风东,70.0,北,2室2厅1卫,5500
整租·南沙万达广场 3室1厅 南,南沙,金洲,95.0,南,3室1厅1卫,2800
整租·科慧花园 3室1厅 北,增城,朱村,90.93,北,3室1厅2卫,2450
整租·万科春风十里 4室2厅 南,增城,朱村,99.0,南,4室2厅2卫,1500
整租·信基玥岛 1室1厅 东,番禺,厦滘,36.0,东,1室1厅1卫,1985
整租·馨泉花园 1室0厅 北,花都,新区,47.53,北,1室0厅1卫,1000
整租·南沙万达广场 1室1厅 南,南沙,金洲,50.0,南,1室1厅1卫,1480
整租·逸泉山庄 2室2厅 北,从化,赤草,97.99,北,2室2厅1卫,1500
整租·城启荔港南湾 1室0厅 东南,荔湾,南岸路,15.0,东,1室0厅0卫,1300
整租·东方文德森岛湖 3室1厅 南,花都,花城街,98.0,南,3室1厅1卫,2350
整租·敏捷绿湖首府三期 3室1厅 东北,增城,石滩镇,84.0,东,3室1厅1卫,800
合租·愉景南苑 4居室 南卧,海珠,新港西,9.1,南,4室1厅2卫,1638
合租·壹诚大厦 1居室 南卧,荔湾,东塱,28.0,南,1室1厅1卫,2280
合租·中海康城 4居室 南卧,天河,黄村,15.93,南,4室1厅2卫,2509
整租·敏捷绿湖首府三期 3室2厅 东北,增城,石滩镇,85.02,东,3室2厅1卫,1200
整租·贵贤上品 1室0厅 北,荔湾,龙津,45.0,北,1室0厅1卫,2800
整租·敏捷科创中心 4室2厅 南,白云,太和,90.0,南,4室2厅2卫,3200
整租·好信广场 1室1厅 南,海珠,南洲,42.0,南,1室1厅1卫,2900
整租·迎翠春庭 2室1厅 北,天河,棠下,47.0,北,2室1厅1卫,2000
合租·金泽大厦 4居室 北卧,天河,天河南,30.0,北,4室1厅1卫,3900
合租·南国奥园 4居室 北卧,番禺,汉溪长隆,15.0,北,4室1厅2卫,1606
整租·新鸿花园二期 3室2厅 南/西南,海珠,广州塔,105.0,南,3室2厅2卫,5400
整租·金利大厦 3室2厅 南,番禺,市桥,102.1,南,3室2厅1卫,3500
整租·天河东远洋宿舍 3室1厅 东南,天河,体育中心,82.37,东,3室1厅1卫,4850
合租·远洋明珠大厦 4居室 北卧,天河,珠江新城西,16.52,北,4室1厅2卫,3496
整租·梅花路 1室1厅 南,越秀,东风东,28.88,南,1室1厅1卫,2000
整租·时代长岛 3室2厅 北,南沙,进港大道,83.0,北,3室2厅1卫,1850
整租·时代倾城(中新镇) 3室2厅 南,增城,中新镇,85.0,南,3室2厅1卫,2200
合租·萝岗和苑 4居室 北卧,黄埔,科学城,12.3,北,4室1厅1卫,1501
整租·锦城花园 4室1厅 东南/南,越秀,东风东,159.0,东,4室1厅2卫,12000
整租·信业悦都荟 2室1厅 复式 北,番禺,市桥北,48.0,北,2室1厅1卫,2500
整租·先烈南路青菜东街 3室1厅 南,越秀,建设路,70.0,南,3室1厅1卫,5300
整租·星河丹堤 5室2厅 南/北,南沙,金洲,218.0,南,5室2厅4卫,14700
合租·新世界东逸花园 5居室 东卧,天河,天河公园,21.0,东,5室1厅2卫,3034
整租·泮塘 2室1厅 东南,荔湾,中山八,80.0,东,2室1厅1卫,4698
整租·越秀明珠天悦江湾 3室2厅 东北,南沙,明珠湾,89.0,东,3室2厅2卫,2500
整租·上横南路 3室2厅 北,从化,旺城片区,78.12,北,3室2厅1卫,2000
整租·丽苑大厦(花都区) 3室2厅 南,花都,旧区,90.13,南,3室2厅1卫,1000
title,area,detailplace,square,position,roomtype,price
整租·小北路 1室1厅 南,越秀,小北,36.85,南,1室1厅1卫,2600
整租·东园小区西区 3室2厅 东南,天河,石牌,110.0,东,3室2厅1卫,5000
整租·南沙建滔广场 3室1厅 东北,南沙,南沙区府,96.0,东,3室1厅2卫,5280
整租·新源雅居 3室2厅 南,花都,新区,124.22,南,3室2厅2卫,3000
整租·德若青年社区 1室0厅 南,番禺,市桥东,20.0,南,1室0厅1卫,1300
整租·万科海上传奇 0室0厅 东南/南,荔湾,芳村,12.0,东,,1300
整租·南沙金茂湾 1室1厅 东南,南沙,明珠湾,74.0,东,1室1厅1卫,2000
整租·机场路 3室1厅 南,白云,新市,42.0,南,3室1厅1卫,2180
整租·南华中路 1室1厅 东,海珠,滨江西,36.0,东,1室1厅1卫,1750
整租·南华中路 1室1厅 东,海珠,滨江西,30.0,东,1室1厅1卫,1500
整租·保利金沙大都汇 1室1厅 东南,白云,金沙洲,42.0,东,1室1厅1卫,2400
整租·阳光城丽景湾澜悦 1室0厅 南,南沙,进港大道,25.44,南,1室0厅0卫,500
整租·方圆月岛轩 4室2厅 南,天河,珠江新城中,175.0,南,4室2厅2卫,20000
整租·保利金沙大都汇 1室1厅 东南,白云,金沙洲,30.0,东,1室1厅1卫,2400
整租·叠溪花园 3室2厅 南,增城,朱村,89.77,南,3室2厅2卫,900
整租·岭南新世界 1室0厅 南/北,白云,嘉禾望岗,12.5,南,1室0厅0卫,1000
整租·保利翡翠山 1室0厅 南/北,花都,旧区,46.0,南,1室0厅1卫,1500
整租·时代天逸 4室2厅 东南,南沙,黄阁,106.0,东,4室2厅2卫,3000
整租·碧桂园天玺湾 2室2厅 东,南沙,进港大道,69.0,东,2室2厅1卫,1400
整租·富力爱丁堡国际公寓 2室1厅 南,天河,珠江新城西,126.0,南,2室1厅1卫,12000
整租·敏捷时空壹号 1室1厅 南,番禺,广州南站,60.0,南,1室1厅1卫,2500
整租·越秀明珠天悦江湾 3室2厅 东北,南沙,明珠湾,90.0,东,3室2厅2卫,2400
整租·领南星河荣誉 3室2厅 南,南沙,南沙港,95.0,南,3室2厅2卫,2000
整租·广州龙湖·揽境 4室1厅 南,黄埔,长岭居,122.0,南,4室1厅2卫,3800
整租·中交国际邮轮广场 3室2厅 东南,南沙,南沙港,138.0,东,3室2厅2卫,4800
整租·汇东国际花园 3室2厅 东,增城,白江,88.0,东,3室2厅1卫,2300
整租·富力盈力大厦 1室1厅 南,天河,珠江新城西,45.0,南,1室1厅1卫,5500
整租·康富花园 3室2厅 南,番禺,市桥,121.5,南,3室2厅2卫,3200
整租·琶洲新村公寓 1室1厅 北,海珠,琶洲东,59.0,北,1室1厅1卫,4700
整租·禺秀园 3室2厅 南/北,番禺,市桥,117.0,南,3室2厅2卫,3150
整租·美阁花园 3室1厅 东,花都,旧区,140.0,东,3室1厅2卫,2500
整租·朝晖苑 3室2厅 南,天河,林和,98.0,南,3室2厅1卫,5500
整租·暨南大学宿舍 1室1厅 南,天河,石牌,45.0,南,1室1厅1卫,3000
整租·中交蓝色海湾 3室2厅 西北,南沙,南沙港,96.0,西,3室2厅1卫,2400
整租·时代南湾 4室2厅 南,南沙,南沙港,179.0,南,4室2厅3卫,4000
整租·新城海滨花园N区 3室2厅 东南,天河,珠江新城东,149.0,东,3室2厅2卫,18000
整租·湾区·金融城 3室2厅 东南/南,南沙,明珠湾,101.2,东,3室2厅2卫,4500
整租·宝华路(荔湾) 2室1厅 南/西,荔湾,西关,55.0,南,2室1厅1卫,1800
整租·中冶·逸璟台 4室2厅 复式 南,黄埔,科学城,137.0,南,4室2厅3卫,7200
整租·海滨花园 3室2厅 东南,番禺,洛溪,80.0,东,3室2厅1卫,2800
整租·中山一路 1室1厅 北,越秀,东风东,51.0,北,1室1厅1卫,3800
整租·时代云图 3室2厅 南,南沙,金洲,96.0,南,3室2厅2卫,2200
整租·海珠中路 1室1厅 东/东南/南/西南,越秀,西门口,70.0,东,1室1厅1卫,2300
整租·天雅居 2室1厅 东南/北,天河,东圃,76.0,东,2室1厅1卫,3500
整租·富力天海湾 1室1厅 南,南沙,明珠湾,58.0,南,1室1厅1卫,1400
整租·佳兆业天墅 1室0厅 东南,白云,同和,70.0,东,1室0厅0卫,13000
合租·金泽大厦 4居室 南卧,天河,天河南,25.0,南,4室0厅1卫,2900
合租·江南美景花园 5居室 北卧,海珠,新港西,12.8,北,5室1厅2卫,2614
整租·客村苑 2室1厅 北,海珠,广州大道南,47.9,北,2室1厅1卫,2500
合租·逸景翠园 4居室 东卧,海珠,广州大道南,9.0,东,4室1厅2卫,1669
合租·逸景翠园 3居室 北卧,海珠,广州大道南,15.0,北,3室1厅1卫,1848
整租·富力东山新天地公寓 1室0厅 北,越秀,五羊新城,50.0,北,1室0厅1卫,5300
整租·佳兆业悦江府 4室2厅 南/北,南沙,明珠湾,125.0,南,4室2厅2卫,3127
整租·星河湾半岛一号园 3室2厅 北,番禺,厦滘,99.94,北,3室2厅2卫,7300
整租·长风国际公寓 2室1厅 南,增城,新塘北,80.0,南,2室1厅1卫,2300
整租·龙璟山 4室2厅 南,番禺,万博,170.0,南,4室2厅2卫,10000
整租·实地常春藤 3室2厅 南,黄埔,黄埔永和,99.0,南,3室2厅1卫,2400
整租·尚东数字居 1室1厅 东,番禺,星河湾,56.0,东,1室1厅2卫,3300
合租·罗马家园 5居室 南卧,海珠,沥滘,9.4,南,5室1厅2卫,1606
合租·天文苑 2居室 西南卧,天河,体育中心,20.0,西,2室0厅1卫,3000
合租·黄埔中央城 4居室 北卧,黄埔,香雪,7.37,北,4室1厅2卫,1186
合租·江南新苑 4居室 北卧,海珠,新港西,17.26,北,4室1厅2卫,2373
整租·北丽园 1室1厅 南,番禺,市桥,40.0,南,1室1厅1卫,1300
合租·体育西路 4居室 南卧,天河,天河南,13.52,南,4室1厅2卫,2089
合租·利雅湾 4居室 南卧,天河,珠江新城中,9.6,南,4室1厅2卫,2614
整租·水荫路 1室1厅 南,越秀,水荫,49.04,南,1室1厅1卫,3500
整租·中海名都 3室2厅 东北,海珠,滨江中,120.21,东,3室2厅2卫,8500
整租·奥园中新誉府 3室2厅 南,增城,中新镇,93.0,南,3室2厅2卫,1850
整租·德若青年社区 1室1厅 东南,番禺,市桥东,30.0,东,1室1厅1卫,2000
合租·华骏花园 5居室 西卧,天河,珠江新城东,9.6,西,5室1厅2卫,1848
整租·保利金沙大都汇 1室1厅 东南,白云,金沙洲,30.0,东,1室1厅1卫,2300
合租·中海名都 4居室 东北卧,海珠,滨江中,14.01,东,4室1厅2卫,2583
合租·美景花苑 4居室 北卧,天河,车陂,17.35,北,4室1厅2卫,1743
整租·越秀明珠天悦江湾 3室2厅 东南/南,南沙,明珠湾,98.0,东,3室2厅2卫,3300
整租·中山三路 2室1厅 南/北,越秀,农讲所,54.0,南,2室1厅1卫,3600
合租·骏景花园 4居室 北卧,天河,棠下,15.2,北,4室1厅2卫,1774
整租·融创御园 4室2厅 南,增城,朱村,120.0,南,4室2厅2卫,1800
整租·萝岗奥园广场 3室1厅 北,黄埔,香雪,80.0,北,3室1厅2卫,3600
整租·领江壹号 1室0厅 南,海珠,客村,12.0,南,1室0厅0卫,1000
合租·信步闲庭 3居室 南卧,海珠,赤岗,7.5,南,3室1厅1卫,1564
合租·紫丹阁 3居室 西卧,海珠,江南大道中,8.2,西,3室1厅1卫,1638
整租·越秀东坡 4室2厅 南,南沙,进港大道,110.0,南,4室2厅1卫,2300
合租·鸿景园 3居室 东卧,天河,天润路,14.97,东,3室2厅1卫,2131
合租·骏景花园 4居室 南卧,天河,棠下,6.02,南,4室1厅2卫,1249
整租·合汇·中央广场 3室2厅 东南,增城,荔城中区,101.88,东,3室2厅2卫,2300
整租·金影花园 3室2厅 东南,海珠,客村,105.0,东,3室2厅1卫,4800
整租·碧桂园城市花园漫绿苑 3室2厅 北,增城,朱村,89.0,北,3室2厅1卫,1800
整租·富宾星悦国际 2室2厅 复式 东南,番禺,市桥北,48.0,东,2室2厅1卫,2400
合租·岭南新世界 5居室 西卧,白云,嘉禾望岗,9.6,西,5室1厅2卫,1323
整租·广南公司宿舍 3室2厅 东南,天河,沙河,90.0,东,3室2厅1卫,3600
合租·北丽园 4居室 北卧,番禺,市桥,9.3,北,4室1厅1卫,906
整租·广州融创文旅城商务公寓 1室1厅 东,花都,花城街,48.0,东,1室1厅1卫,1500
合租·雅郡花园 5居室 东南卧,海珠,琶洲东,28.56,东,5室2厅3卫,2793
整租·尚东数字居 1室1厅 东/西南,番禺,星河湾,56.5,东,1室1厅1卫,3500
整租·华芳花园 3室2厅 南,花都,旧区,116.4,南,3室2厅2卫,1600
整租·合景睿峰L7 3室2厅 南,天河,珠江新城东,114.0,南,3室2厅2卫,11150
合租·天誉华庭 4居室 南卧,天河,龙口西,19.4,南,4室1厅2卫,3286
整租·保利东江首府 3室2厅 东南,增城,新塘南,140.0,东,3室2厅2卫,2800
整租·湾区·金融城 3室2厅 东南,南沙,明珠湾,101.0,东,3室2厅2卫,2700
合租·华景新城荷景园 4居室 南卧,天河,华景新城,9.7,南,4室1厅2卫,1428
整租·粤海广场 1室1厅 东南/南,番禺,万博,58.0,东,1室1厅1卫,5300
整租·誉山国际13期誉璟公寓 2室2厅 南,增城,永宁,49.0,南,2室2厅2卫,1300
整租·碧桂园豪进左岸 4室2厅 南/北,增城,石滩镇,142.0,南,4室2厅2卫,2000
合租·广州雅居乐花园雅翠庭 5居室 西北卧,番禺,雅居乐,6.9,西,5室1厅2卫,1291
整租·东风东路 1室1厅 西,越秀,环市东,30.0,西,1室1厅1卫,2000
整租·天雅居 2室1厅 东南/北,天河,东圃,76.0,东,2室1厅1卫,3500
整租·恒业楼 3室2厅 南,花都,旧区,133.0,南,3室2厅2卫,1800
整租·祈福缤纷汇 2室1厅 北,番禺,祈福新村,52.5,北,2室1厅1卫,3000
整租·东城国际大厦 1室1厅 西,黄埔,大沙地,64.0,西,1室1厅1卫,2800
整租·云顶花园 1室0厅 南,白云,机场路,300.0,南,1室0厅0卫,6500
整租·招商城市主场 1室1厅 东,番禺,万博,39.0,东,1室1厅1卫,2600
整租·中大城 2室2厅 南,南沙,金洲,72.0,南,2室2厅1卫,1900
整租·小港路 1室1厅 东南,海珠,滨江中,50.0,东,1室1厅1卫,2300
整租·南沙珠江湾 3室2厅 南,南沙,南沙湾,99.0,南,3室2厅2卫,2800
整租·丛桂路 1室1厅 东/东南/西南,荔湾,黄沙,50.0,东,1室1厅1卫,2600
整租·奥园城市天地 1室1厅 西南,番禺,汉溪长隆,49.27,西,1室1厅2卫,2500
整租·星河丹堤 5室2厅 复式 南/北,南沙,金洲,370.3,南,5室2厅4卫,1500
整租·保利大都汇 2室2厅 复式 南,番禺,汉溪长隆,68.8,南,2室2厅2卫,5000
整租·龙光棕榈水岸北区 3室2厅 东南,南沙,南沙区府,97.0,东,3室2厅1卫,2200
整租·校园路 1室1厅 东,白云,罗冲围,35.0,东,1室1厅1卫,1100
整租·品秀星樾 3室1厅 南,黄埔,香雪,141.0,南,3室1厅2卫,2000
整租·南沙金茂湾 1室1厅 西北,南沙,明珠湾,40.0,西,1室1厅1卫,1500
整租·时代新世界 5室2厅 西南,天河,林和,240.0,西,5室2厅2卫,12000
整租·佛奥广场 1室0厅 东,天河,珠江新城西,50.0,东,1室0厅1卫,4800
整租·华润置地·瑞府 4室2厅 南/北,南沙,明珠湾,112.0,南,4室2厅3卫,3000
整租·富力泉天下 3室2厅 东南,从化,温泉镇,100.0,东,3室2厅1卫,2000
整租·大新路 1室1厅 东,越秀,解放南,1800.0,东,1室1厅1卫,100000
整租·奥园城市天地 1室1厅 复式 西北,番禺,汉溪长隆,48.0,西,1室1厅1卫,2700
整租·金地天河公馆 1室0厅 南/北,天河,黄村,12.5,南,1室0厅0卫,600
整租·新汤路 3室2厅 南/北,增城,荔城富鹏,150.0,南,3室2厅3卫,1380
整租·城市家园一期 3室1厅 南,增城,新塘北,164.0,南,3室1厅2卫,2200
整租·东方新世界 1室0厅 南,天河,天河公园,15.0,南,1室0厅0卫,2500
整租·雅郡花园 5室2厅 复式 南/北,海珠,琶洲东,245.0,南,5室2厅4卫,18000
整租·保利中航城花园一期 3室2厅 复式 南,增城,朱村,95.0,南,3室2厅2卫,1380
整租·金地天河公馆 1室0厅 南/北,天河,黄村,12.5,南,1室0厅0卫,600
整租·东华西路 2室1厅 南,越秀,东川路,30.0,南,2室1厅1卫,1900
整租·佰利山 3室2厅 东南,番禺,雅居乐,137.0,东,3室2厅2卫,7500
整租·新世界星辉 3室2厅 南/北,增城,永宁,74.0,南,3室2厅1卫,2100
整租·银业国际公寓 2室1厅 西,海珠,广州大道南,67.0,西,2室1厅1卫,4000
整租·小北路 2室1厅 南,越秀,小北,60.0,南,2室1厅1卫,3600
整租·星品 3室2厅 复式 南,海珠,琶洲西,103.0,南,3室2厅1卫,7600
整租·绿地城凤语湾 3室2厅 南/北,黄埔,知识城,115.0,南,3室2厅2卫,2700
整租·万科尚城御府 4室2厅 南,黄埔,南岗,88.0,南,4室2厅2卫,3200
title,area,detailplace,square,position,roomtype,price
整租·越秀东坡 4室2厅 南,南沙,进港大道,110.0,南,4室2厅2卫,2300
整租·珠光新城御景二期回迁房 2室2厅 南/北,天河,珠江新城东,80.0,南,2室2厅1卫,7200
整租·广州万科城 3室2厅 北,增城,永宁,78.0,北,3室2厅1卫,1600
整租·城启荔港南湾 3室2厅 西北/北,荔湾,南岸路,142.0,西,3室2厅2卫,6700
整租·石牌东法院宿舍 2室1厅 南,天河,石牌,50.0,南,2室1厅1卫,2800
整租·保利大都汇 1室0厅 南,番禺,汉溪长隆,33.0,南,1室0厅1卫,2400
整租·保利丰花园 1室0厅 南/北,海珠,洪德,33.0,南,1室0厅1卫,1800
整租·丽江花园如英居 1室0厅 西南,番禺,南浦,12.0,西,1室0厅0卫,600
整租·敏捷绿湖首府三期 3室2厅 南,增城,石滩镇,116.0,南,3室2厅2卫,1800
整租·广州足球公园 2室2厅 南,番禺,钟村,68.0,南,2室2厅2卫,3100
整租·芙蓉春晓 3室2厅 南,花都,狮岭镇,108.0,南,3室2厅2卫,2200
合租·聚德花苑 4居室 西卧,海珠,赤岗,10.8,西,4室1厅1卫,1396
合租·西门口广场 4居室 东卧,荔湾,西华路,13.0,东,4室1厅2卫,1774
整租·融达领寓 3室1厅 南,黄埔,科学城,65.0,南,3室1厅1卫,3600
合租·北丽园 4居室 南卧,番禺,市桥,12.8,南,4室1厅1卫,1039
整租·广州星河湾悦心园 3室2厅 东南,番禺,星河湾,161.0,东,3室2厅2卫,6156
整租·亚太新城亚太银座二期 2室1厅 南,增城,新塘北,78.0,南,2室1厅1卫,2200
合租·第三金碧花园 4居室 北卧,海珠,金碧,7.8,北,4室1厅2卫,1291
整租·丽晶大厦 2室1厅 西,越秀,淘金,83.0,西,2室1厅1卫,4600
合租·麓苑路 3居室 西卧,越秀,淘金,9.4,西,3室1厅1卫,1396
合租·美的江上沄启 2居室 东南卧,南沙,明珠湾,18.0,东,2室1厅2卫,1100
整租·一品灏景 3室2厅 西,番禺,市桥,115.83,西,3室2厅2卫,4300
整租·康裕园 3室2厅 南,番禺,市桥,125.0,南,3室2厅2卫,2835
整租·时代珑星 2室1厅 东南,番禺,南村,60.0,东,2室1厅1卫,3900
整租·中国铁建海悦国际 3室2厅 南,南沙,万顷沙,87.0,南,3室2厅1卫,1800
合租·金羊花园 4居室 南卧,越秀,杨箕,7.5,南,4室1厅2卫,1501
整租·敏捷上品公馆 2室1厅 复式 南,番禺,金山谷,53.0,南,2室1厅1卫,2500
合租·盈嘉花园 4居室 南卧,天河,珠江新城中,8.4,南,4室1厅2卫,1921
整租·锦绣半岛西区 3室2厅 东南,番禺,南浦,93.0,东,3室2厅1卫,2900
合租·珠江大家庭花园 4居室 北卧,海珠,琶洲中,15.77,北,4室1厅2卫,2026
合租·丽晶华庭 3居室 北卧,天河,珠江新城西,7.48,北,3室1厅1卫,2058
合租·佳兆业城市广场 2居室 南卧,黄埔,南岗,30.0,南,2室2厅2卫,1300
整租·富力盈丰大厦 1室1厅 南,天河,珠江新城西,52.87,南,1室1厅2卫,5670
合租·嘉怡苑 4居室 北卧,天河,林和,8.76,北,4室1厅2卫,1774
合租·骏景花园 5居室 南卧,天河,棠下,9.2,南,5室1厅2卫,1459
整租·中国铁建国际花园 4室2厅 南,增城,朱村,112.0,南,4室2厅2卫,2000
整租·万科幸福悦B区 3室2厅 南,黄埔,知识城,75.0,南,3室2厅1卫,2700
合租·瑞东花园 4居室 北卧,黄埔,文冲,10.1,北,4室1厅1卫,1249
合租·高教花园 5居室 东卧,海珠,琶洲西,7.0,东,5室1厅2卫,1743
整租·时代印象 3室2厅 东南,从化,太平镇,98.0,东,3室2厅2卫,2300
合租·检察院宿舍 4居室 东卧,天河,棠下,8.83,东,4室1厅2卫,1564
合租·第三金碧花园 4居室 东卧,海珠,金碧,14.0,东,4室1厅1卫,2058
整租·侨怡苑 3室1厅 东南,天河,体育中心,89.0,东,3室1厅1卫,4800
整租·南沙万达广场 3室1厅 北,南沙,金洲,99.0,北,3室1厅1卫,2400
整租·新都盛世名门 4室2厅 南,增城,白江,147.0,南,4室2厅2卫,2500
合租·新世界逸彩庭园 4居室 东卧,荔湾,滘口,6.46,东,4室1厅2卫,1081
合租·珠岛花园 4居室 北卧,荔湾,大坦沙,7.2,北,4室1厅1卫,1039
整租·山水庭苑 4室2厅 东/东南,白云,南湖,154.0,东,4室2厅2卫,4800
整租·碧桂园豪园鹤鸣苑 3室1厅 东,增城,增城碧桂园,116.0,东,3室1厅2卫,2000
合租·珠岛花园 4居室 东卧,荔湾,大坦沙,17.4,东,4室1厅1卫,1396
整租·光华大厦 2室1厅 北,天河,体育中心,83.0,北,2室1厅1卫,5000
合租·新世界逸彩庭园 4居室 东卧,荔湾,滘口,6.9,东,4室1厅2卫,1186
合租·珠岛花园 4居室 东卧,荔湾,大坦沙,7.82,东,4室1厅1卫,1081
合租·珠岛花园 4居室 南卧,荔湾,大坦沙,5.61,南,4室1厅1卫,1081
整租·南沙保利城 3室2厅 北,南沙,黄阁,90.0,北,3室2厅1卫,1800
合租·珠岛花园 5居室 北卧,荔湾,大坦沙,6.3,北,5室1厅2卫,1081
整租·锦绣半岛西区 4室2厅 南,番禺,南浦,168.0,南,4室2厅2卫,4300
整租·富力广场S区 1室0厅 东,荔湾,中山八,38.0,东,1室0厅0卫,1400
合租·穗园小区 4居室 西北卧,天河,天润路,14.1,西,4室1厅1卫,1711
整租·中交汇通中心 1室0厅 西,南沙,明珠湾,56.0,西,1室0厅1卫,2200
合租·金雅苑 3居室 南卧,海珠,滨江东,6.0,南,3室1厅1卫,1323
整租·华新·333 1室1厅 南,海珠,江燕路,50.0,南,1室1厅1卫,3800
整租·淘金路 2室2厅 东南,越秀,淘金,60.0,东,2室2厅1卫,4300
整租·时代新世界 4室2厅 东,天河,林和,245.0,东,4室2厅2卫,7500
整租·锐丰中心 2室1厅 南,黄埔,香雪,64.0,南,2室1厅1卫,3000
整租·星汇城 1室1厅 东,黄埔,知识城,39.8,东,1室1厅2卫,2800
整租·缝纫机厂宿舍 2室1厅 南/北,海珠,新港西,36.0,南,2室1厅1卫,1800
整租·敏捷绿湖首府三期 3室2厅 南,增城,石滩镇,107.0,南,3室2厅1卫,1000
合租·新庆花园 5居室 南卧,天河,珠江新城东,10.5,南,5室1厅2卫,2058
整租·东圃大马路 1室0厅 南/西南,天河,东圃,30.0,南,1室0厅1卫,800
整租·信业悦都荟 1室0厅 东,番禺,市桥北,30.0,东,1室0厅1卫,1150
整租·恒大山水城 4室2厅 北,增城,中新镇,130.0,北,4室2厅2卫,2600
整租·起义路 1室1厅 北,越秀,解放南,35.0,北,1室1厅1卫,2200
整租·领南星河荣誉 4室2厅 东南,南沙,南沙港,126.0,东,4室2厅2卫,2600
整租·合景睿峰L7 3室2厅 复式 南,天河,珠江新城东,157.0,南,3室2厅3卫,12000
整租·颐和雅轩 2室1厅 东南,越秀,小北,65.0,东,2室1厅1卫,3600
合租·东浚荔景苑 4居室 西卧,荔湾,中山八,12.5,西,4室1厅2卫,2236
合租·珠江大家庭花园 4居室 南卧,海珠,琶洲中,9.5,南,4室1厅2卫,1638
整租·中山大学宿舍 2室1厅 南/北,海珠,中大,80.0,南,2室1厅1卫,5300
整租·实地常春藤 3室2厅 东南,黄埔,黄埔永和,99.0,东,3室2厅2卫,1900
整租·四航局机电公司大院 2室1厅 东南,天河,沙河,65.0,东,2室1厅1卫,2500
合租·天河路 4居室 西卧,天河,体育中心,12.5,西,4室1厅2卫,1879
整租·翡翠绿洲森林半岛 4室2厅 南/北,增城,凤凰城,179.47,南,4室2厅3卫,3800
整租·广州星河湾荟心园 4室2厅 复式 南/北,番禺,星河湾,314.0,南,4室2厅3卫,15000
整租·赤岗二街1号大院 3室1厅 南,海珠,赤岗,67.0,南,3室1厅1卫,3500
整租·建设路（正果） 4室2厅 南,增城,正果镇,106.0,南,4室2厅2卫,1700
整租·珠江广场 3室2厅 东南,海珠,滨江东,95.0,东,3室2厅1卫,5000
合租·星汇园 4居室 北卧,天河,珠江新城西,12.5,北,4室1厅2卫,3213
整租·富颐华庭T区 3室2厅 南,黄埔,大沙地,113.69,南,3室2厅2卫,5200
合租·骏逸苑 4居室 南卧,天河,珠江新城东,9.4,南,4室1厅2卫,1711
整租·恒大山水郡 3室2厅 南,增城,中新镇,87.0,南,3室2厅1卫,1500
合租·云景花园云桂苑 4居室 东卧,白云,京溪,8.9,东,4室1厅2卫,1459
整租·奥园莲峰圣境 4室2厅 南,番禺,莲花山,220.0,南,4室2厅3卫,6000
整租·碧桂园凤凰城凤妍苑 3室2厅 北,增城,凤凰城,93.96,北,3室2厅1卫,1800
整租·德政中路 2室1厅 西,越秀,越秀南,42.0,西,2室1厅1卫,2600
合租·金湾明珠 4居室 西卧,荔湾,大坦沙,7.62,西,4室1厅2卫,1354
整租·小北路 2室1厅 东,越秀,小北,57.24,东,2室1厅1卫,4500
合租·骏景花园 5居室 北卧,天河,棠下,22.8,北,5室1厅2卫,2719
整租·华南新城北区 3室2厅 南/北,番禺,华南新城,133.0,南,3室2厅2卫,3900
整租·碧桂园云顶 3室2厅 北,增城,凤凰城,91.0,北,3室2厅2卫,2500
整租·越秀和樾府三期 4室2厅 南,番禺,汉溪长隆,130.0,南,4室2厅2卫,9000
整租·荔嘉公馆 1室0厅 南,番禺,桥南,35.0,南,1室0厅1卫,1300
整租·远洋天骄广场 3室1厅 南/西北,天河,天河客运站,145.0,南,3室1厅1卫,9000
整租·卓盈公寓 1室1厅 东,番禺,厦滘,40.0,东,1室1厅1卫,2000
整租·嘉裕君玥公馆 3室2厅 西北,天河,珠江新城西,155.0,西,3室2厅2卫,13500
合租·中海康城 4居室 西卧,天河,黄村,7.46,西,4室1厅2卫,1459
整租·五矿招商·鹭山府 3室1厅 南,黄埔,大沙地,98.0,南,3室1厅2卫,4700
合租·珠光新城御景二期回迁房 4居室 北卧,天河,珠江新城东,19.8,北,4室1厅2卫,2474
整租·广州融创文旅城商务公寓 1室1厅 南,花都,花城街,54.0,南,1室1厅1卫,1600
整租·广州雅居乐花园雅逸庭 3室2厅 南/北,番禺,雅居乐,120.0,南,3室2厅2卫,5000
整租·西华路 1室1厅 南,荔湾,西华路,27.39,南,1室1厅1卫,1500
合租·检察院宿舍 4居室 东卧,天河,棠下,8.83,东,4室1厅2卫,1564
合租·第三金碧花园 4居室 东卧,海珠,金碧,14.0,东,4室1厅1卫,2058
整租·广州足球公园 2室1厅 西,番禺,钟村,48.0,西,2室1厅1卫,3000
整租·英豪花园 2室1厅 东南,海珠,东晓南,75.0,东,2室1厅1卫,6000
合租·新世界逸彩庭园 4居室 南卧,荔湾,滘口,12.1,南,4室1厅1卫,1396
合租·新世界逸彩庭园 4居室 东卧,荔湾,滘口,6.46,东,4室1厅2卫,1081
整租·建发明珠湾玺 3室2厅 南,南沙,明珠湾,99.0,南,3室2厅2卫,2500
合租·美的江上沄启 2居室 东南卧,南沙,明珠湾,18.0,东,2室1厅2卫,1000
合租·珠岛花园 4居室 北卧,荔湾,大坦沙,7.2,北,4室1厅1卫,1039
整租·金碧新城 1室0厅 东,白云,石井,13.0,东,1室0厅0卫,850
合租·省工艺大院 6居室 南卧,天河,体育中心,20.0,南,6室0厅1卫,1600
整租·保利香雪山花园 4室2厅 南,黄埔,科学城,128.0,南,4室2厅2卫,5199
整租·越秀天荟江湾 1室1厅 东南,海珠,工业大道南,36.0,东,1室1厅1卫,1700
整租·上九路 3室2厅 东南,荔湾,人民路,80.0,东,3室2厅2卫,5600
整租·叠溪花园 3室2厅 北,增城,朱村,87.87,北,3室2厅1卫,1000
整租·四季花园 0室1厅 东南,荔湾,坑口,12.0,东,,916
整租·淘金北路 3室1厅 南/北,越秀,淘金,87.42,南,3室1厅1卫,4500
整租·宏宇广场 2室1厅 东,海珠,宝岗,60.0,东,2室1厅1卫,3200
整租·保利天悦公寓 2室2厅 西,海珠,琶洲东,93.0,西,2室2厅1卫,8500
整租·丽景湾 3室2厅 北,海珠,滨江东,125.19,北,3室2厅2卫,6500
整租·新世界嘉云府 1室0厅 南,白云,嘉禾望岗,12.0,南,1室0厅0卫,800
整租·雅居乐花园浅山小筑 3室1厅 北,番禺,雅居乐,88.17,北,3室1厅1卫,3800
整租·纵横公寓 2室1厅 南,海珠,赤岗,87.0,南,2室1厅1卫,4800
整租·金碧新城 1室0厅 东,白云,石井,13.0,东,1室0厅0卫,850
整租·景业荔都 3室2厅 南,从化,江埔街,100.0,南,3室2厅1卫,1200
整租·岭南新世界 1室0厅 南/北,白云,嘉禾望岗,12.5,南,1室0厅0卫,1000
整租·东兴小区 2室1厅 南,越秀,五羊新城,70.0,南,2室1厅1卫,4100
整租·美的江上沄启 4室2厅 西北,南沙,明珠湾,118.0,西,4室2厅2卫,4200
整租·中山八路 1室0厅 东南,荔湾,中山八,30.0,东,1室0厅1卫,2300
整租·招商湾区1872 3室2厅 东/东北,南沙,东涌,79.0,东,3室2厅2卫,3500
整租·星河山海湾 3室2厅 东,南沙,南沙港,87.0,东,3室2厅1卫,1000
整租·金科景业·雍景园 4室2厅 东南,增城,中新镇,98.0,东,4室2厅2卫,2500
整租·龙光棕榈水岸南区 5室2厅 复式 南,南沙,南沙区府,351.0,南,5室2厅5卫,14500
整租·星河丹堤 2室1厅 南,南沙,金洲,79.0,南,2室1厅1卫,2000
整租·先烈南路青龙坊 3室1厅 南,越秀,建设路,100.0,南,3室1厅1卫,5200
整租·华润置地·瑞府 3室2厅 东南/南,南沙,明珠湾,100.0,东,3室2厅2卫,3100
整租·邮电新村 1室1厅 南,越秀,建设路,50.0,南,1室1厅1卫,3600
整租·民间金融大厦 1室1厅 南,越秀,解放南,46.0,南,1室1厅1卫,3300
整租·光华大厦 2室1厅 西,天河,体育中心,86.0,西,2室1厅1卫,5800
整租·德政北路 1室1厅 东南,越秀,农讲所,30.0,东,1室1厅1卫,1700
整租·龙光棕榈水岸南区 3室2厅 南,南沙,南沙区府,113.0,南,3室2厅2卫,3000
整租·东风中路 1室0厅 南,越秀,小北,30.0,南,1室0厅1卫,2100
整租·合景花漫里 2室2厅 北,增城,永宁,88.0,北,2室2厅1卫,1500
整租·经典居 3室1厅 东,海珠,滨江东,140.0,东,3室1厅1卫,10000
整租·光大花园水岸榕城 2室1厅 南/北,海珠,工业大道北,80.0,南,2室1厅1卫,5800
整租·增城万达广场 1室0厅 东北,增城,增城区府,53.0,东,1室0厅1卫,1300
整租·景业荔都 3室2厅 南,从化,江埔街,111.3,南,3室2厅2卫,1200
整租·红云大厦 2室1厅 东,越秀,东川路,46.6,东,2室1厅1卫,3550
整租·星汇园 3室2厅 东南,天河,珠江新城西,129.0,东,3室2厅2卫,11000
整租·中交汇通中心 1室1厅 北,南沙,明珠湾,56.0,北,1室1厅1卫,1600
title,area,detailplace,square,position,roomtype,price
整租·金溪大厦 1室0厅 东南,海珠,江燕路,42.0,东,1室0厅1卫,1100
整租·时代南湾 3室1厅 东南,南沙,南沙港,128.0,东,3室1厅2卫,2300
合租·辉洋苑 3居室 东卧,荔湾,黄沙,14.4,东,3室1厅1卫,1558
整租·福达广场 1室1厅 东,花都,新区,67.0,东,1室1厅1卫,2500
整租·越秀明珠天悦江湾 3室2厅 复式 北,南沙,明珠湾,80.0,北,3室2厅3卫,2800
整租·侨鑫保利汇景台 3室2厅 北,天河,汇景新城,126.0,北,3室2厅2卫,20000
整租·保利天悦花园 3室1厅 南,海珠,琶洲东,142.0,南,3室1厅2卫,13800
整租·丽景花苑 3室2厅 东南,海珠,琶洲西,80.0,东,3室2厅1卫,4800
整租·大东门华庭 2室1厅 西北,越秀,农讲所,48.0,西,2室1厅1卫,3800
合租·旭日雅苑 4居室 西卧,天河,员村,5.1,西,4室1厅2卫,1249
整租·锦绣生态园 3室2厅 北,番禺,钟村,80.0,北,3室2厅1卫,2900
合租·金域蓝湾 5居室 东卧,白云,金沙洲,7.24,东,5室1厅2卫,976
合租·线坑花园 4居室 南卧,黄埔,科学城,7.6,南,4室1厅1卫,1249
整租·珠江华景里 2室1厅 东,天河,华景新城,48.0,东,2室1厅1卫,4500
整租·海天花园 1室0厅 南,番禺,洛溪,17.0,南,1室0厅0卫,650
整租·骏昇广场 1室0厅 东北,黄埔,开发东区,40.0,东,1室0厅1卫,1450
整租·珠江广场 3室2厅 南,海珠,滨江东,152.0,南,3室2厅2卫,8600
整租·天伦花园 1室1厅 南/北,越秀,建设路,30.0,南,1室1厅1卫,1400
整租·珠江国际城 3室2厅 东北,从化,神岗镇,83.0,东,3室2厅1卫,1440
整租·珠光路 3室2厅 南,越秀,越秀南,172.15,南,3室2厅2卫,20000
整租·奥园城市天地 2室1厅 东南,番禺,汉溪长隆,48.0,东,2室1厅1卫,3300
合租·石化生活区 4居室 北卧,黄埔,文冲,8.1,北,4室1厅1卫,1008
整租·十年小雅 1室0厅 南,番禺,雅居乐,12.0,南,1室0厅0卫,500
合租·亚运城天荟 5居室 东北卧,番禺,亚运城,15.4,东,5室1厅2卫,1558
合租·星汇湾花园 2居室 北卧,海珠,工业大道中,13.0,北,2室1厅2卫,2446
整租·富力现代广场 1室0厅 东,海珠,工业大道北,12.0,东,1室0厅0卫,1200
整租·亚运城天峯1区 4室2厅 南/北,番禺,亚运城,146.0,南,4室2厅2卫,4800
整租·松岗东路 4室1厅 东,越秀,东山口,111.97,东,4室1厅1卫,9000
整租·流花路 2室1厅 南/北,荔湾,流花站前,50.0,南,2室1厅1卫,2200
整租·锦绣半岛金月湾 4室2厅 东南,番禺,南浦,171.0,东,4室2厅2卫,5200
整租·棠德花苑 2室1厅 西北,天河,棠下,60.0,西,2室1厅1卫,2300
整租·珠江华景里 2室1厅 东,天河,华景新城,48.0,东,2室1厅1卫,4500
整租·环市西路 1室0厅 东南/南,荔湾,流花站前,30.0,东,1室0厅1卫,4000
整租·海珠合创中心(珠江壹号） 4室2厅 南,海珠,广州大道南,95.0,南,4室2厅2卫,8000
整租·水西商业广场 1室0厅 南,黄埔,长岭居,30.48,南,1室0厅1卫,1500
整租·万科欧泊 3室2厅 东南,番禺,万博,95.0,东,3室2厅2卫,4480
整租·雅居乐花园一尺山居 2室1厅 西南,番禺,雅居乐,80.36,西,2室1厅1卫,3700
整租·华润置地公园上城 3室2厅 北,增城,沙村,75.0,北,3室2厅1卫,3700
整租·柳岸晓风 3室2厅 南,南沙,明珠湾,96.0,南,3室2厅2卫,2700
整租·佳兆业城市广场 2室2厅 南,黄埔,南岗,52.0,南,2室2厅2卫,2300
整租·东郊市场 2室1厅 南,越秀,杨箕,58.0,南,2室1厅1卫,3300
整租·大都汇 1室1厅 南,白云,人和,63.0,南,1室1厅1卫,1500
整租·十年小雅 1室0厅 南,番禺,雅居乐,12.0,南,1室0厅0卫,500
整租·合景誉山国际三区 3室2厅 南,增城,永宁,102.0,南,3室2厅2卫,1755
整租·越秀滨海御城 3室2厅 南,南沙,金洲,108.0,南,3室2厅2卫,3000
整租·富力金禧花园 1室0厅 东/东南/南/西南/西/西北/北/东北,海珠,同福,10.0,东,1室0厅0卫,1100
整租·松岗东路 4室1厅 东,越秀,东山口,111.97,东,4室1厅1卫,9000
整租·合景花䕕四季 3室2厅 南,从化,鳌头镇,82.0,南,3室2厅2卫,1100
整租·文昌花园 1室1厅 南,荔湾,西关,24.0,南,1室1厅1卫,2070
整租·跑马地大厦 1室1厅 西南,天河,珠江新城东,58.0,西,1室1厅1卫,3900
整租·海逸半岛 3室1厅 东南,海珠,工业大道北,45.0,东,3室1厅1卫,3000
整租·金时花园 3室2厅 南,增城,荔城增江,99.0,南,3室2厅2卫,2000
整租·南沙万达广场 1室1厅 东南,南沙,金洲,63.8,东,1室1厅1卫,1500
合租·保利西子湾 4居室 东卧,白云,金沙洲,6.7,东,4室1厅1卫,1039
整租·保利星满花园 3室2厅 南,南沙,榄核镇,100.0,南,3室2厅2卫,2500
合租·远洋天骄 5居室 北卧,天河,天河客运站,7.63,北,5室1厅2卫,1354
整租·西城路(番禺区) 2室1厅 南,番禺,市桥,70.0,南,2室1厅1卫,1900
整租·保利南沙天汇 3室1厅 北,南沙,黄阁,95.0,北,3室1厅2卫,1800
整租·湾区·金融城 4室2厅 南,南沙,明珠湾,140.0,南,4室2厅2卫,4000
整租·中海誉城北苑 1室0厅 南,黄埔,香雪,12.0,南,1室0厅0卫,400
合租·珠江大家庭花园 4居室 南卧,海珠,琶洲中,18.91,南,4室1厅2卫,2089
整租·深业金翠湾 3室2厅 东南,白云,金沙洲,83.0,东,3室2厅1卫,3591
整租·优山美墅 3室2厅 南/北,南沙,南沙港,105.0,南,3室2厅2卫,2100
合租·润粤大厦 4居室 南卧,越秀,水荫,9.0,南,4室1厅2卫,1816
整租·荔湾路 3室2厅 东/南/西,荔湾,陈家祠,98.0,东,3室2厅1卫,4500
整租·中海璟晖华庭 3室2厅 北,天河,珠江新城中,122.0,北,3室2厅2卫,14000
整租·海天花苑 4室2厅 南/北,海珠,滨江东,152.0,南,4室2厅2卫,7000
整租·广州融创文旅城商务公寓 1室1厅 南,花都,花城街,38.0,南,1室1厅1卫,2800
整租·江湾298 1室1厅 西南,越秀,越秀南,84.0,西,1室1厅1卫,7000
整租·十八甫南路菜栏横街 2室1厅 南,荔湾,和平西,37.88,南,2室1厅1卫,2500
合租·佰利山 4居室 东北卧,番禺,雅居乐,12.5,东,4室1厅2卫,1816
整租·丰庭花园 2室2厅 南,南沙,金洲,82.0,南,2室2厅1卫,2000
整租·敏捷上城商务中心 1室0厅 东,番禺,万博,12.82,东,1室0厅0卫,500
整租·罗马家园 4室1厅 南/北,海珠,沥滘,156.0,南,4室1厅2卫,5500
整租·力迅领筑 1室0厅 南,天河,天河公园,12.0,南,1室0厅0卫,600
合租·东怡新区东景园 4居室 西卧,番禺,东怡新区,12.5,西,4室1厅2卫,1619
合租·都市兰亭花园 4居室 南卧,天河,员村,7.92,南,4室1厅2卫,1606
整租·南湖山庄 5室2厅 复式 南,白云,南湖,211.57,南,5室2厅4卫,12000
合租·美林海岸 4居室 南卧,天河,员村,9.2,南,4室1厅2卫,1638
合租·育蕾小区 4居室 北卧,天河,天河南,8.26,北,4室1厅2卫,1669
整租·富力盈力大厦 4室1厅 东南/西北,天河,珠江新城西,213.0,东,4室1厅2卫,17000
title,area,detailplace,square,position,roomtype,price
整租·万科海上明月 3室2厅 西,南沙,黄阁,75.0,西,3室2厅2卫,1700
整租·景南苑 3室1厅 南,黄埔,大沙地,110.0,南,3室1厅2卫,4800
合租·育兰小区 5居室 东卧,天河,天河南,20.0,东,5室1厅1卫,2300
整租·逸涛半岛 1室1厅 南,南沙,进港大道,38.0,南,1室1厅1卫,899
整租·恒宝华庭 2室2厅 西南,荔湾,西关,70.0,西,2室2厅1卫,4600
整租·江源半岛花园 3室2厅 南,天河,金融城,128.0,南,3室2厅1卫,6500
整租·淘金路 3室1厅 东南,越秀,淘金,90.0,东,3室1厅1卫,4500
整租·博雅御轩 1室1厅 北,天河,珠江新城中,74.0,北,1室1厅1卫,6000
合租·体育西路 2居室 东南卧,天河,天河南,30.0,东,2室1厅1卫,2980
整租·恒大山水城 3室2厅 西南,增城,中新镇,96.0,西,3室2厅1卫,2300
整租·万科城市之光A区 3室2厅 东南,黄埔,文冲,96.0,东,3室2厅2卫,5500
整租·碧桂园豪园林湖苑 3室2厅 东北,增城,增城碧桂园,117.05,东,3室2厅2卫,1000
整租·富力公园28 1室0厅 南,天河,珠江新城东,12.5,南,1室0厅0卫,1200
整租·铂林国际公寓 1室0厅 西,天河,珠江新城西,33.0,西,1室0厅1卫,3100
整租·红棉苑北区 5室1厅 东南,荔湾,芳村,260.0,东,5室1厅5卫,10000
整租·中交汇通中心 1室1厅 南,南沙,明珠湾,48.0,南,1室1厅1卫,2100
整租·美的江上沄启 4室2厅 南,南沙,明珠湾,118.0,南,4室2厅2卫,2500
整租·保利堂悦 3室1厅 南,荔湾,广钢新城,85.0,南,3室1厅1卫,6300
整租·凤安花园 3室1厅 东南,海珠,工业大道北,80.0,东,3室1厅1卫,4500
整租·同福中路 2室1厅 东,海珠,同福,68.0,东,2室1厅1卫,2800
整租·富力天朗明居 1室0厅 东南/南,天河,棠下,12.0,东,1室0厅0卫,900
整租·荔福路 2室2厅 东南,海珠,工业大道北,88.0,东,2室2厅1卫,3700
整租·金碧御水山庄 5室2厅 复式 东/西,花都,狮岭镇,339.0,东,5室2厅4卫,1800
整租·康乐园 3室2厅 东南,番禺,市桥,86.0,东,3室2厅1卫,2500
整租·汇景新城中央庭院 1室0厅 东,天河,汇景新城,12.0,东,1室0厅0卫,1100
整租·南沙金湾 3室1厅 南,南沙,进港大道,85.0,南,3室1厅1卫,2100
合租·碧桂园朝花 3居室 南/西南卧,荔湾,鹤洞,30.0,南,3室1厅3卫,1500
整租·海丝知识中心 3室1厅 东南,黄埔,知识城,83.0,东,3室1厅2卫,3000
整租·龙苑大厦 1室1厅 东北,天河,龙口西,40.0,东,1室1厅1卫,4300
整租·中盈一海里 3室2厅 南/北,南沙,明珠湾,99.83,南,3室2厅2卫,1890
整租·奥园养生广场 1室0厅 南,番禺,桥南,12.0,南,1室0厅0卫,400
整租·南洲花苑AB区 2室2厅 东南,海珠,南洲,62.0,东,2室2厅1卫,3200
整租·华德信创 1室1厅 东,黄埔,科学城,33.0,东,1室1厅1卫,1850
整租·恒大悦府 3室2厅 南,花都,花城街,87.0,南,3室2厅2卫,3000
整租·实地蔷薇国际 3室2厅 东南,增城,荔城西区,94.0,东,3室2厅2卫,1500
整租·兰园·凤翎台 4室2厅 南,花都,镜湖大道,117.0,南,4室2厅2卫,4000
整租·合景花漫里 3室2厅 北,增城,永宁,86.0,北,3室2厅1卫,2200
整租·南沙万达广场 1室1厅 南,南沙,金洲,46.93,南,1室1厅1卫,1292
整租·奥园养生广场 1室0厅 南,番禺,桥南,26.0,南,1室0厅0卫,500
整租·鸿燕居 1室0厅 南,天河,燕塘,11.0,南,1室0厅0卫,750
整租·富颐华庭R区 4室2厅 南,黄埔,大沙地,138.0,南,4室2厅2卫,7000
整租·小新塘大未来 3室1厅 南,天河,智慧城,100.0,南,3室1厅1卫,4000
整租·绿地越秀海玥 2室1厅 南,海珠,工业大道中,50.0,南,2室1厅1卫,3000
合租·美林海岸 1居室 南卧,天河,员村,109.0,南,1室0厅1卫,1000
整租·东海花园 3室2厅 东南,番禺,厦滘,94.0,东,3室2厅2卫,4300
整租·东方广场 1室0厅 南,越秀,环市东,40.0,南,1室0厅1卫,3800
整租·奥园广场 1室1厅 南,番禺,桥南,66.0,南,1室1厅1卫,2200
整租·革新路 1室0厅 南,海珠,工业大道北,35.0,南,1室0厅1卫,1850
合租·天河直街武警宿舍 4居室 南卧,天河,体育中心,30.0,南,4室1厅1卫,2000
整租·越秀中国铁建南投海语天悦湾 4室2厅 南,南沙,明珠湾,142.0,南,4室2厅2卫,2600
整租·合生湖山国际7期珑境 3室2厅 南,增城,凤凰城,118.0,南,3室2厅2卫,3200
整租·建设大马路 3室1厅 南/北,越秀,建设路,70.0,南,3室1厅1卫,3800
整租·力迅·西关雅筑 1室0厅 北,荔湾,西华路,12.0,北,1室0厅0卫,1500
整租·上元岗大占角六巷 2室1厅 东北,天河,天河客运站,50.0,东,2室1厅1卫,2100
整租·万科白鹭郡 5室3厅 东南,南沙,黄阁,80.0,东,5室3厅2卫,8500
整租·三宝墟教职工新村 3室2厅 南/北,天河,长兴,113.0,南,3室2厅2卫,4200
整租·东方新世界 2室2厅 西,天河,天河公园,86.87,西,2室2厅1卫,5600
合租·七星岗1号大院 5居室 东南卧,海珠,赤岗,20.0,东,5室0厅2卫,1250
整租·邮通小区 2室2厅 南,天河,华景新城,60.0,南,2室2厅1卫,3800
title,area,detailplace,square,position,roomtype,price
整租·合生湖山国际6期峰上 3室2厅 南,增城,凤凰城,122.0,南,3室2厅2卫,2600
整租·北京路 3室1厅 东,越秀,北京路,54.0,东,3室1厅1卫,3600
整租·华筑翡翠湾 4室2厅 南,番禺,大石,138.0,南,4室2厅2卫,6000
整租·中山六路 2室1厅 东,越秀,西门口,42.0,东,2室1厅1卫,2500
整租·时代印记 3室1厅 南,黄埔,知识城,136.0,南,3室1厅2卫,2200
整租·风神花园 3室2厅 南,花都,铁路西,92.14,南,3室2厅1卫,1900
整租·信业悦都荟 2室2厅 南,番禺,市桥北,47.0,南,2室2厅1卫,2600
整租·溪悦西花园 3室1厅 南,花都,花东镇,85.0,南,3室1厅2卫,2000
整租·信业悦都荟 1室1厅 南,番禺,市桥北,49.0,南,1室1厅1卫,1900
整租·番禺万达广场 4室1厅 西南,番禺,万博,536.8,西,4室1厅0卫,37100
整租·岭南新世界 1室0厅 南,白云,嘉禾望岗,12.0,南,1室0厅0卫,1000
整租·万方园 1室0厅 南,白云,机场路,37.0,南,1室0厅0卫,2300
整租·保利大都汇 3室2厅 南,番禺,汉溪长隆,63.0,南,3室2厅2卫,5500
整租·金口岸大厦 3室2厅 东,番禺,市桥,138.8,东,3室2厅2卫,3500
整租·珠江帝景苑 4室1厅 西,海珠,广州塔,133.0,西,4室1厅2卫,9000
整租·天晟明苑 1室0厅 东,天河,石牌,22.0,东,1室0厅1卫,2200
整租·石宦路 2室1厅 南,天河,东圃,48.0,南,2室1厅1卫,2680
整租·共和路 2室1厅 东南,越秀,杨箕,52.0,东,2室1厅1卫,4800
整租·万科兰乔圣菲 3室2厅 北,花都,狮岭镇,115.0,北,3室2厅2卫,2500
整租·招商城市主场 1室1厅 东,番禺,万博,50.0,东,1室1厅1卫,3600
整租·东沙路 1室0厅 南,番禺,市桥,28.0,南,1室0厅1卫,950
整租·磨碟沙花苑 1室1厅 北,海珠,琶洲西,53.0,北,1室1厅1卫,4300
整租·阳光城悦然府 3室2厅 南/北,南沙,进港大道,96.77,南,3室2厅2卫,2700
整租·尚塬颐都汇 2室1厅 东南,天河,沙河,60.0,东,2室1厅1卫,4380
整租·东华东路 3室1厅 西,越秀,东川路,95.0,西,3室1厅2卫,6500
整租·紫荆小区 3室1厅 东南,天河,林和,74.0,东,3室1厅1卫,4600
整租·北较场路 1室0厅 东,越秀,小北,30.0,东,1室0厅1卫,1700
整租·南沙保利南怡湾 4室2厅 南/北,南沙,黄阁,127.0,南,4室2厅2卫,2280
整租·碧桂园天玺湾 3室2厅 西北,南沙,进港大道,103.0,西,3室2厅2卫,1800
整租·中旅名门府 3室2厅 南,花都,镜湖大道,88.0,南,3室2厅2卫,3000
整租·淘金家园峯璟 2室1厅 北,越秀,淘金,80.0,北,2室1厅1卫,5800
整租·小新塘大未来 2室1厅 南,天河,智慧城,65.0,南,2室1厅1卫,3500
整租·广州设计之都 1室1厅 南,白云,黄边,35.0,南,1室1厅1卫,2480
整租·朝天路 2室2厅 南,越秀,西门口,97.0,南,2室2厅1卫,4300
整租·华贵路 2室1厅 南,荔湾,龙津,68.0,南,2室1厅1卫,3000
整租·赤岗一街大院赤岗一街 2室1厅 南,海珠,赤岗,48.9,南,2室1厅1卫,2700
整租·叠溪花园 3室2厅 东,增城,朱村,83.0,东,3室2厅1卫,1100
整租·富力悦禧花园 3室2厅 南/北,黄埔,开发东区,99.0,南,3室2厅2卫,2800
整租·万科海上明月 4室2厅 南,南沙,黄阁,82.0,南,4室2厅2卫,1753
整租·白云路 2室1厅 东,越秀,东川路,60.0,东,2室1厅1卫,3200
整租·奥园中新城市天地 3室2厅 东南/南,增城,中新镇,87.0,东,3室2厅2卫,2500
合租·育蕾小区 4居室 西南卧,天河,天河南,20.0,西,4室0厅1卫,2000
整租·保利天悦花园 3室2厅 南/北,海珠,琶洲东,142.0,南,3室2厅2卫,16000
整租·时代印记 4室2厅 南,黄埔,知识城,136.0,南,4室2厅2卫,2400
整租·美的江上沄启 4室2厅 东北,南沙,明珠湾,119.0,东,4室2厅2卫,2000
整租·黄埔中央城 4室2厅 南,黄埔,香雪,125.0,南,4室2厅2卫,2000
整租·中海花湾壹号B区 2室2厅 南,荔湾,广钢新城,60.0,南,2室2厅2卫,4000
整租·金信大厦 1室0厅 东/西,荔湾,西华路,65.0,东,1室0厅1卫,4200
整租·南浦时代 1室1厅 东南,番禺,南浦,33.0,东,1室1厅1卫,2300
整租·碧桂园假日半岛映翠苑 5室2厅 复式 南,花都,山前大道,242.79,南,5室2厅4卫,4200
整租·名门国际 1室1厅 北,花都,新区,110.0,北,1室1厅1卫,1950
整租·惠福西路 2室1厅 东南,越秀,西门口,55.0,东,2室1厅1卫,2100
整租·税务综合楼 2室1厅 北,番禺,大石,70.0,北,2室1厅1卫,2100
整租·御景壹号C区 1室0厅 东南,荔湾,黄沙,12.0,东,1室0厅0卫,1200
整租·邮电新村青龙坊 1室1厅 南,越秀,建设路,25.0,南,1室1厅1卫,3900
整租·琶洲新村公寓 1室1厅 北,海珠,琶洲东,64.0,北,1室1厅1卫,5500
整租·碧桂园朝花 1室1厅 东,荔湾,鹤洞,22.0,东,1室1厅1卫,1850
整租·丽江花园如英居 3室2厅 西南,番禺,南浦,97.0,西,3室2厅1卫,5500
整租·中铁盛德国际 3室2厅 东南,天河,石牌,145.55,东,3室2厅2卫,8000
整租·天俊阁 2室1厅 南,天河,体育中心,118.66,南,2室1厅1卫,10000
整租·龙湖首开云峰原著 4室2厅 南,黄埔,香雪,115.0,南,4室2厅3卫,3600
整租·翠湖山庄 1室1厅 西,天河,天河公园,63.0,西,1室1厅1卫,3500
整租·碧桂园凤凰城凤仪苑 5室2厅 复式 南,增城,凤凰城,159.0,南,5室2厅2卫,2300
整租·西门口广场 3室2厅 西南,荔湾,西华路,133.0,西,3室2厅2卫,8200
整租·越秀江海潮鸣 3室2厅 西南,南沙,明珠湾,99.0,西,3室2厅2卫,1800
合租·佳兆业城市广场 2居室 北卧,黄埔,南岗,30.0,北,2室0厅2卫,1350
整租·阳光城丽景湾·星悦 3室2厅 南,南沙,进港大道,86.0,南,3室2厅1卫,2400
整租·广州足球公园 1室1厅 北,番禺,钟村,51.0,北,1室1厅1卫,3200
整租·名城御景绿洲 4室2厅 南,从化,江埔街,140.0,南,4室2厅2卫,2700
整租·珠江帝景苑 3室2厅 南,海珠,广州塔,150.0,南,3室2厅2卫,14600
整租·合汇·中央广场 2室2厅 北,增城,荔城中区,80.8,北,2室2厅0卫,2500
整租·万科尚城御府 3室2厅 南,黄埔,南岗,80.0,南,3室2厅2卫,3300
整租·新达城广场 1室1厅 东南,越秀,水荫,39.0,东,1室1厅1卫,3600
整租·天河桃苑 3室1厅 南/北,天河,东圃,89.0,南,3室1厅1卫,3500
整租·碧桂园星悦台 1室1厅 南/北,黄埔,黄埔永和,32.0,南,1室1厅1卫,1100
整租·奥园国际中心 1室1厅 南,番禺,万博,72.0,南,1室1厅1卫,4000
整租·晓港湾 1室1厅 东/东南,海珠,东晓南,33.57,东,1室1厅1卫,2600
整租·银建小区 1室1厅 东南,荔湾,周门,52.0,东,1室1厅1卫,2500
整租·敏捷御峰国际 1室1厅 南,番禺,会江,52.0,南,1室1厅1卫,2070
整租·天河智荟 1室1厅 南,天河,广氮,30.0,南,1室1厅1卫,1900
整租·接龙里小区 2室1厅 南,荔湾,芳村,50.0,南,2室1厅1卫,2600
整租·中冶·逸璟台 4室2厅 复式 东南,黄埔,科学城,168.0,东,4室2厅3卫,9000
整租·沙园 2室1厅 南,海珠,沙园,55.0,南,2室1厅1卫,5000
整租·城丰路 3室2厅 南,增城,荔城富鹏,83.0,南,3室2厅1卫,900
整租·时代长岛 1室0厅 东,南沙,进港大道,12.61,东,1室0厅0卫,200
整租·广州敏捷绿湖首府 3室2厅 南,增城,石滩镇,103.0,南,3室2厅2卫,1500
整租·大德路 1室0厅 东,越秀,解放南,35.0,东,1室0厅1卫,2000
整租·大德路 1室0厅 东,越秀,解放南,25.0,东,1室0厅1卫,2200
整租·景业壹方天地 3室2厅 北,增城,石滩镇,77.0,北,3室2厅1卫,800
整租·佳润云凯雅寓 1室1厅 东/北,白云,同和,41.0,东,1室1厅1卫,2600
合租·辉煌大厦 4居室 北卧,越秀,东川路,25.0,北,4室4厅4卫,2800
整租·同和路 3室1厅 南,白云,同和,85.0,南,3室1厅1卫,2500
整租·站前横路 3室1厅 南,荔湾,流花站前,80.0,南,3室1厅1卫,3700
整租·东川路 2室1厅 北,越秀,东川路,45.0,北,2室1厅1卫,3000
整租·富力桃园 1室0厅 南,白云,罗冲围,12.0,南,1室0厅0卫,1170
整租·福景居 2室1厅 南,海珠,赤岗,60.0,南,2室1厅1卫,2998
整租·南沙万达广场 1室1厅 南,南沙,金洲,39.0,南,1室1厅1卫,1400
整租·星汇云锦 1室0厅 南,天河,珠江新城西,12.0,南,1室0厅0卫,1100
整租·碧桂园天玺湾 2室2厅 南,南沙,进港大道,69.0,南,2室2厅1卫,1600
整租·东风西路 2室1厅 南/北,越秀,东风西,60.0,南,2室1厅1卫,2800
整租·时代新世界 3室1厅 南,天河,林和,121.0,南,3室1厅1卫,4400
整租·云星钱隆天誉 3室2厅 东南,从化,太平镇,123.0,东,3室2厅2卫,3200
整租·纵横花园 1室1厅 南,天河,东圃,44.93,南,1室1厅1卫,2900
整租·保利中航城二期 3室1厅 复式 西南,增城,朱村,96.0,西,3室1厅2卫,2000
整租·环市东路468号大院 3室2厅 南/北,越秀,环市东,116.0,南,3室2厅2卫,6500
合租·龙口小区 5居室 南/北卧,天河,龙口西,20.0,南,5室0厅5卫,1400
整租·保利南沙天汇 3室2厅 南,南沙,黄阁,93.0,南,3室2厅2卫,1700
整租·西湾路 2室1厅 东南,荔湾,西村,61.0,东,2室1厅1卫,3200
整租·高德公馆 1室1厅 东,天河,珠江新城中,54.0,东,1室1厅1卫,6300
整租·嘉禧天和 1室1厅 东,天河,黄村,30.0,东,1室1厅1卫,2500
整租·汇景新城龙熹山 5室2厅 东南,天河,汇景新城,405.0,东,5室2厅4卫,34800
整租·涌边一马路 1室1厅 东南,荔湾,黄沙,28.0,东,1室1厅1卫,1300
整租·金碧华府 3室2厅 东,天河,珠江新城东,126.0,东,3室2厅2卫,19800
整租·广州足球公园 3室1厅 西,番禺,钟村,47.0,西,3室1厅1卫,2500
title,area,detailplace,square,position,roomtype,price
整租·新世界逸彩庭园 2室1厅 东南,荔湾,滘口,64.0,东,2室1厅1卫,3500
整租·自在城市花园一二期 3室2厅 南,番禺,汉溪长隆,91.0,南,3室2厅1卫,3300
整租·东方文德森岛湖 3室2厅 南,花都,花城街,99.0,南,3室2厅2卫,2380
整租·敏捷科创中心 3室1厅 南,白云,太和,114.0,南,3室1厅1卫,5500
整租·天平架公交宿舍 2室1厅 南,天河,沙河,43.89,南,2室1厅1卫,2300
整租·顺德碧桂园芷兰湾 3室2厅 北,番禺,顺德碧桂园,94.0,北,3室2厅2卫,2500
整租·南沙云山诗意 3室1厅 北,南沙,金洲,114.0,北,3室1厅2卫,2500
整租·华标荔苑 2室2厅 南,从化,太平镇,71.0,南,2室2厅1卫,1600
整租·岭南湾畔 3室2厅 东/东南,荔湾,西村,100.0,东,3室2厅1卫,6000
整租·时代维港 1室1厅 北,南沙,进港大道,58.0,北,1室1厅1卫,1000
整租·亚运城媒体村(南区) 2室1厅 北/东北,番禺,亚运城,77.26,北,2室1厅1卫,2700
整租·碧桂园天玺湾 3室2厅 北,南沙,进港大道,98.0,北,3室2厅2卫,2000
整租·中怡城市花园 2室1厅 西南,天河,林和,70.0,西,2室1厅1卫,6000
整租·雅居乐锦城花漾集 2室1厅 北,花都,秀全街,66.0,北,2室1厅1卫,2000
整租·金利大厦 3室2厅 南,番禺,市桥,123.0,南,3室2厅2卫,2900
整租·金地香山湖香榭院 3室2厅 南,增城,永宁,100.0,南,3室2厅2卫,1600
整租·天立俊园 3室2厅 东北,海珠,滨江东,131.0,东,3室2厅2卫,6800
整租·敏捷华美国际 1室1厅 南,番禺,大石,50.0,南,1室1厅1卫,2465
整租·富力泉天下 2室2厅 东南,从化,温泉镇,83.0,东,2室2厅1卫,1500
整租·成业小区 3室2厅 南/北,花都,旧区,122.0,南,3室2厅1卫,1300
整租·大华东郡府 4室2厅 南,增城,朱村,98.0,南,4室2厅2卫,1500
整租·沙和路 1室1厅 南/北,天河,沙河,30.0,南,1室1厅0卫,1650
整租·多宝华厦 9室1厅 东/东南/南/西北,荔湾,西关,1200.0,东,9室1厅9卫,180000
整租·广州碧桂园美苑 3室2厅 南,番禺,南浦,107.0,南,3室2厅2卫,3700
整租·越秀东坡 3室2厅 南,南沙,进港大道,93.0,南,3室2厅2卫,2500
整租·中交汇通中心 2室1厅 北,南沙,明珠湾,48.0,北,2室1厅1卫,2000
整租·中交汇通中心 2室1厅 北,南沙,明珠湾,48.0,北,2室1厅1卫,2000
整租·越秀明珠天悦江湾 3室2厅 东,南沙,明珠湾,90.0,东,3室2厅2卫,2400
整租·荔富湖畔 2室1厅 南,增城,朱村,77.0,南,2室1厅1卫,1600
整租·富力半岛 1室0厅 西南,白云,罗冲围,14.0,西,1室0厅0卫,900
整租·百事佳花园 5室2厅 西南,番禺,南浦,112.0,西,5室2厅2卫,7500
整租·中交蓝色海湾 4室2厅 东南/西北,南沙,南沙港,177.0,东,4室2厅3卫,7000
整租·广州敏捷绿湖首府 3室2厅 南,增城,石滩镇,121.0,南,3室2厅2卫,1500
整租·敏捷尚品国际 4室2厅 北,南沙,进港大道,80.88,北,4室2厅1卫,4300
整租·广州敏捷绿湖首府 3室2厅 北,增城,石滩镇,95.0,北,3室2厅1卫,1500
整租·灵山岛金茂湾二期 4室2厅 南/北,南沙,明珠湾,170.0,南,4室2厅2卫,5500
整租·珠实大院 3室2厅 南/北,越秀,建设路,123.0,南,3室2厅1卫,4700
整租·碧桂园凤凰城凤馨苑 1室0厅 南,增城,凤凰城,12.0,南,1室0厅0卫,300
整租·万科东荟城 1室0厅 南,黄埔,香雪,12.0,南,1室0厅0卫,500
整租·逸泉韵翠花园 3室2厅 东南,花都,北兴镇,110.0,东,3室2厅2卫,2000
整租·荔富湖畔 5室2厅 北,增城,朱村,99.0,北,5室2厅2卫,2000
整租·合生骏景广场 2室2厅 南,天河,棠下,107.0,南,2室2厅2卫,8000
整租·汇景新城上城勋堡 3室2厅 北,天河,汇景新城,160.12,北,3室2厅1卫,11000
整租·星河山海湾 4室2厅 西南/东北,南沙,南沙港,123.0,西,4室2厅2卫,3500
合租·富和花园 4居室 东南卧,白云,同和,25.0,东,4室1厅1卫,1500
整租·珠江花园 3室2厅 南/西南,番禺,厦滘,101.0,南,3室2厅2卫,4500
整租·宜安小区 2室1厅 东北,越秀,建设路,57.19,东,2室1厅2卫,4500
整租·番禺万达广场 1室1厅 北,番禺,万博,50.0,北,1室1厅1卫,2800
整租·茅岗新村 3室1厅 南,黄埔,大沙地,95.0,南,3室1厅1卫,2600
整租·莲港花园 3室2厅 南,番禺,石楼,84.0,南,3室2厅1卫,1600
整租·东方夏湾拿 3室2厅 南,从化,太平镇,148.0,南,3室2厅2卫,1880
整租·泓景花园 0室0厅 南,海珠,赤岗,12.0,南,,1150
整租·黄花新村 2室1厅 东南,越秀,淘金,65.0,东,2室1厅1卫,4500
整租·香江国际金融中心 2室2厅 南/北,南沙,金洲,39.6,南,2室2厅1卫,1600
整租·力诚凯怡湾 1室1厅 西,增城,新塘南,39.21,西,1室1厅1卫,1100
整租·方圆滨江壹号 3室2厅 西,海珠,客村,86.0,西,3室2厅1卫,7800
整租·富力天海湾 3室2厅 东南,南沙,明珠湾,96.0,东,3室2厅1卫,2300
整租·方圆滨江壹号 2室2厅 东/北,海珠,客村,80.0,东,2室2厅1卫,7800
整租·珠江国际城 3室2厅 北,从化,神岗镇,88.0,北,3室2厅1卫,1300
整租·中海花湾壹号B区 1室1厅 南,荔湾,广钢新城,48.0,南,1室1厅1卫,3300
整租·电视台大院 2室1厅 南,越秀,淘金,70.0,南,2室1厅1卫,4200
整租·实地常春藤 3室1厅 南,黄埔,黄埔永和,86.0,南,3室1厅1卫,2300
整租·金地香山湖香景花园 3室2厅 南,增城,永宁,99.77,南,3室2厅2卫,1280
整租·新中路 3室2厅 南,花都,旧区,87.0,南,3室2厅1卫,1400
整租·合景誉山国际三区 4室2厅 南/北,增城,永宁,170.0,南,4室2厅3卫,3600
整租·敏捷华美国际 2室1厅 南,番禺,大石,54.36,南,2室1厅1卫,3800
整租·中达广场 1室1厅 南,天河,珠江新城中,63.5,南,1室1厅1卫,6500
合租·侨兴苑 4居室 南卧,天河,石牌,25.0,南,4室1厅1卫,2200
整租·金龙城财富广场 4室2厅 南,番禺,亚运大道中,70.0,南,4室2厅2卫,3000
整租·花都银丰大厦 1室1厅 西,花都,旧区,50.0,西,1室1厅1卫,1200
整租·中铁诺德·阅泷 4室2厅 东/东南/南,白云,江高镇,105.0,东,4室2厅2卫,3600
整租·昌乐园 1室1厅 南/北,天河,员村,50.0,南,1室1厅1卫,3200
整租·广州融创文旅城商务公寓 1室0厅 西南,花都,花城街,46.0,西,1室0厅1卫,1700
整租·昌岗东路 1室1厅 东南,海珠,昌岗,45.0,东,1室1厅1卫,2350
整租·万科山景城 3室2厅 东南,黄埔,长岭居,92.0,东,3室2厅2卫,3400
整租·保利翡翠山 2室2厅 LOFT 东,花都,旧区,48.0,东,2室2厅1卫,2000
合租·越秀国际总部广场 2居室 南卧,南沙,金洲,30.0,南,2室2厅2卫,1300
整租·碧桂园联合广场 1室1厅 南,花都,狮岭镇,56.0,南,1室1厅1卫,1350
整租·坚真花园 4室1厅 南,海珠,赤岗,142.41,南,4室1厅2卫,6300
整租·尚东阳光 3室2厅 南,增城,沙村,108.0,南,3室2厅2卫,2500
整租·万科欧泊 1室0厅 南,番禺,万博,12.0,南,1室0厅0卫,600
整租·万科金色城品 2室1厅 东北,番禺,沙湾,70.0,东,2室1厅1卫,2500
整租·环市中路 1室0厅 南,越秀,小北,25.0,南,1室0厅1卫,2300
整租·利都大厦 1室1厅 北,白云,新市,30.0,北,1室1厅1卫,1400
整租·清河东路 3室1厅 东,番禺,番禺广场,105.0,东,3室1厅1卫,3000
整租·广州渔人码头SOHO54公寓 1室1厅 南,番禺,洛溪,37.0,南,1室1厅1卫,1500
整租·碧桂园豪进广场 2室2厅 南,增城,白江,81.0,南,2室2厅1卫,2600
整租·海珠北路 1室0厅 南,越秀,西门口,28.0,南,1室0厅1卫,2200
合租·六运小区 5居室 西南/西卧,天河,天河南,30.0,西,5室0厅1卫,3480
整租·萝岗万达广场 1室0厅 东,黄埔,科学城,48.0,东,1室0厅1卫,2200
合租·壹诚大厦 2居室 东南卧,荔湾,东塱,28.0,东,2室2厅2卫,1400
整租·海珠北路 1室0厅 东南,越秀,西门口,30.0,东,1室0厅1卫,2400
整租·富力千禧花园 2室1厅 南,海珠,中大,76.0,南,2室1厅1卫,6000
整租·会展世界城 3室1厅 南/北,海珠,琶洲东,90.0,南,3室1厅1卫,6000
整租·中海联同福睿府 1室0厅 南,海珠,宝岗,12.0,南,1室0厅0卫,1100
整租·保利心语 3室1厅 北,天河,珠江新城中,110.0,北,3室1厅2卫,14000
整租·隽峰苑 2室2厅 北,天河,珠江新城中,64.0,北,2室2厅1卫,5300
整租·庙前西街 3室2厅 南,越秀,东山口,200.0,南,3室2厅2卫,9450
整租·海怡居 1室1厅 东南,天河,东圃,45.0,东,1室1厅1卫,2000
整租·富力广场D区 1室0厅 东南,荔湾,中山八,12.0,东,1室0厅0卫,1200
整租·公园前路 3室2厅 南,花都,旧区,85.0,南,3室2厅1卫,900
整租·耀胜新世界广场 5室1厅 南,番禺,汉溪长隆,114.0,南,5室1厅2卫,9900
整租·康湖山庄 3室2厅 南,天河,员村,100.0,南,3室2厅1卫,3300
整租·冼村三期回迁房 3室2厅 东,天河,珠江新城中,110.0,东,3室2厅1卫,12300
整租·创基丽江国际 4室2厅 东南,增城,增城区府,147.08,东,4室2厅2卫,3500
整租·消防局宿舍 3室1厅 南,天河,五山,80.0,南,3室1厅1卫,3900
整租·黄华路 3室1厅 南,越秀,建设路,71.0,南,3室1厅1卫,4700
整租·保利葛洲坝海德公馆 3室2厅 东南,荔湾,广钢新城,125.0,东,3室2厅2卫,6300
整租·怡雅苑(海珠) 1室1厅 南,海珠,宝岗,40.0,南,1室1厅1卫,2200
整租·邦华星际广场二期 3室1厅 北,荔湾,龙溪,54.0,北,3室1厅2卫,3060
整租·雪域澜庭A2区 3室1厅 南,花都,花城街,98.0,南,3室1厅1卫,2800
整租·明月一路 3室1厅 东南,越秀,五羊新城,120.0,东,3室1厅2卫,6300
整租·锦绣银湾 3室2厅 东南,番禺,大石,138.0,东,3室2厅2卫,5000
整租·龙津西路 1室1厅 南,荔湾,西关,40.09,南,1室1厅1卫,1680
整租·敏捷海大大厦 2室1厅 复式 南/北,番禺,万博,65.0,南,2室1厅1卫,3700
整租·颐和山庄 0室0厅 西南,白云,南湖,11.17,西,,700
整租·嘉裕中心 1室1厅 南,天河,珠江新城中,69.0,南,1室1厅1卫,12000
整租·星汇湾花园 2室1厅 东北,海珠,工业大道中,52.0,东,2室1厅2卫,4800
整租·敏捷绿湖首府二期 3室2厅 南,增城,石滩镇,109.79,南,3室2厅2卫,1200
整租·邮通小区 3室2厅 南,天河,华景新城,110.0,南,3室2厅2卫,5500
整租·广州星河湾星苑 4室2厅 南/北,番禺,星河湾,193.0,南,4室2厅3卫,8500
整租·广州足球公园 2室1厅 南,番禺,钟村,67.0,南,2室1厅2卫,3500
整租·保利拾光年 4室2厅 南,黄埔,知识城,99.41,南,4室2厅2卫,2900
整租·奥园越时代 1室1厅 东南,番禺,广州南站,60.0,东,1室1厅1卫,1900
整租·粤海广场 2室2厅 南,番禺,万博,105.0,南,2室2厅1卫,10000
整租·正佳万豪金殿 1室1厅 南,天河,天河南,71.0,南,1室1厅1卫,7200
整租·万科东荟城 1室0厅 南,黄埔,香雪,40.0,南,1室0厅1卫,1600
title,area,detailplace,square,position,roomtype,price
整租·领南星河荣誉 5室2厅 南,南沙,南沙港,128.0,南,5室2厅3卫,2600
整租·东海花园 3室2厅 南,番禺,厦滘,92.1,南,3室2厅1卫,4600
整租·奥园城市天地 1室0厅 南,番禺,汉溪长隆,12.0,南,1室0厅0卫,450
整租·天銮 5室2厅 东南,天河,珠江新城中,265.0,东,5室2厅4卫,53000
整租·嘉仕花园东区 3室2厅 南/东北,海珠,滨江东,125.6,南,3室2厅2卫,10000
整租·逢源路 3室1厅 南/北,荔湾,龙津,45.0,南,3室1厅1卫,4500
整租·江南西路 2室1厅 东南,海珠,江南西,70.0,东,2室1厅1卫,2600
整租·珠江大家庭花园 3室2厅 南,海珠,琶洲中,71.0,南,3室2厅1卫,4000
整租·广东省输变电工程公司上村小区 2室2厅 南/北,荔湾,南岸路,80.0,南,2室2厅1卫,3300
整租·南华中路 3室1厅 南,海珠,滨江西,45.0,南,3室1厅1卫,2300
整租·广东商业大厦 1室1厅 东南,越秀,东山口,54.0,东,1室1厅1卫,4300
整租·广弘天琪 1室0厅 南,天河,珠江新城西,12.0,南,1室0厅0卫,1200
整租·中交蓝色海湾 3室2厅 西南,南沙,南沙港,96.0,西,3室2厅1卫,3000
整租·龙光玖誉府 3室2厅 东北,白云,江高镇,83.0,东,3室2厅1卫,2900
整租·星河湾半岛三号园 4室2厅 南/北,番禺,厦滘,313.0,南,4室2厅5卫,33000
整租·奥园城市天地 1室0厅 东,番禺,汉溪长隆,12.0,东,1室0厅0卫,400
整租·保利平方花园 4室2厅 南,增城,永宁,104.0,南,4室2厅2卫,2700
整租·广州雅居乐花园新地沁园 1室0厅 东南,番禺,雅居乐,12.0,东,1室0厅0卫,450
整租·富力阳光美居 2室1厅 东,白云,马务,71.0,东,2室1厅1卫,3300
整租·盈港国际 1室1厅 东南,南沙,进港大道,50.0,东,1室1厅1卫,1000
整租·水荫横路 1室1厅 东南,天河,水荫,30.0,东,1室1厅1卫,2500
整租·农林小区 2室1厅 南,天河,粤垦,86.0,南,2室1厅1卫,3000
整租·恒大绿洲花园 3室1厅 东南,白云,金沙洲,269.0,东,3室1厅3卫,10000
整租·奥园香雪华府 3室2厅 北,黄埔,香雪,96.0,北,3室2厅2卫,4000
整租·香缤豪庭 4室2厅 南,番禺,沙湾,85.0,南,4室2厅2卫,3200
整租·金山谷二期 4室2厅 南,番禺,金山谷,254.56,南,4室2厅3卫,12000
整租·黄沙大道 1室2厅 西南,荔湾,黄沙,41.0,西,1室2厅1卫,2800
整租·耀华社区存善西街 2室1厅 东,荔湾,西关,80.0,东,2室1厅1卫,3000
整租·粮所小区 3室2厅 南,花都,旧区,120.0,南,3室2厅1卫,1500
整租·萝岗奥园广场 2室1厅 南,黄埔,香雪,52.0,南,2室1厅1卫,2500
整租·时代南湾 3室2厅 南,南沙,南沙港,93.0,南,3室2厅1卫,1800
整租·绿地空港国际中心 2室1厅 东,花都,镜湖大道,39.0,东,2室1厅1卫,2000
整租·合生广场 1室0厅 南,海珠,广州大道南,50.0,南,1室0厅1卫,3000
整租·佰利山 1室0厅 东,番禺,雅居乐,13.0,东,1室0厅0卫,250
整租·碧桂园凤凰城凤岭苑 3室2厅 错层 北,增城,凤凰城,142.96,北,3室2厅2卫,2200
整租·康大龙祥汇 4室2厅 南,黄埔,知识城,125.0,南,4室2厅3卫,2600
整租·万科幸福荟 4室2厅 复式 南,黄埔,知识城,80.55,南,4室2厅2卫,3000
整租·佳兆业城市广场 5室2厅 复式 南/西南,黄埔,南岗,135.0,南,5室2厅3卫,3800
整租·康隆苑 3室1厅 东/东南,海珠,宝岗,67.0,东,3室1厅1卫,3600
整租·锦绣香江花园山水华府 3室1厅 东南/南,番禺,汉溪长隆,91.0,东,3室1厅1卫,4500
整租·南沙保利南怡湾 3室2厅 南,南沙,黄阁,100.0,南,3室2厅2卫,1900
整租·广地花园 4室2厅 复式 南/北,番禺,星河湾,135.45,南,4室2厅3卫,4600
整租·漾晴居 3室2厅 东北,天河,珠江新城西,97.0,东,3室2厅2卫,7500
整租·珠光新城御景二期 4室2厅 南,天河,珠江新城东,154.26,南,4室2厅2卫,18000
整租·金地香山湖香汇花园 4室2厅 南,增城,永宁,127.0,南,4室2厅2卫,2000
整租·淘金北路 3室1厅 南/北,越秀,淘金,80.0,南,3室1厅1卫,12000
整租·中交汇通中心 2室1厅 南,南沙,明珠湾,51.0,南,2室1厅2卫,2000
整租·福金莲花园 3室1厅 南,天河,员村,98.0,南,3室1厅1卫,5500
整租·宝翠园 3室1厅 东北,天河,龙洞,97.0,东,3室1厅1卫,4700
整租·名雅苑 3室2厅 东南,天河,体育中心,137.6,东,3室2厅2卫,7999
整租·黄埔万科中心 3室2厅 南/北,黄埔,文冲,185.0,南,3室2厅1卫,10000
整租·赤岗路91-93号 3室2厅 南,海珠,赤岗,83.0,南,3室2厅1卫,3800
整租·高教花园 4室2厅 南,海珠,琶洲西,120.0,南,4室2厅2卫,6600
整租·杏坛小区 3室2厅 南,海珠,宝岗,96.0,南,3室2厅1卫,5000
整租·兰亭盛荟 3室2厅 南,天河,东圃,100.4,南,3室2厅2卫,6500
整租·合一国际 2室1厅 东北,白云,同和,71.0,东,2室1厅1卫,4000
整租·富力伯爵山 3室2厅 东南,南沙,南沙港,131.74,东,3室2厅2卫,2500
整租·碧桂园琥珀湾 3室2厅 南/北,增城,石滩镇,108.0,南,3室2厅2卫,1500
整租·祈福新村月明轩 2室2厅 南/北,番禺,祈福新村,78.0,南,2室2厅1卫,3200
整租·奥园中新誉府 3室2厅 北,增城,中新镇,76.0,北,3室2厅1卫,1200
整租·顺欣花园 3室2厅 南,增城,新塘北,110.0,南,3室2厅2卫,2600
整租·中环华庭 4室2厅 南,南沙,横沥,170.0,南,4室2厅2卫,2500
整租·湾区·金融城 3室2厅 东南,南沙,明珠湾,89.66,东,3室2厅2卫,2700
整租·世茂天越 3室2厅 南,越秀,五羊新城,160.57,南,3室2厅3卫,20000
整租·文昌花园 2室1厅 东,荔湾,西关,37.0,东,2室1厅1卫,2200
整租·岭南新世界 1室0厅 东,白云,嘉禾望岗,12.0,东,1室0厅0卫,1000
整租·矿泉北街5号大院 3室1厅 东南,白云,机场路,69.0,东,3室1厅1卫,3900
整租·敏捷富瑞公馆 2室2厅 南,番禺,桥南,82.0,南,2室2厅1卫,2780
整租·文昌南路 3室1厅 东南,荔湾,西关,100.0,东,3室1厅1卫,7800
整租·南兴花园(天河区) 3室1厅 东/东南/南,天河,天河客运站,99.0,东,3室1厅2卫,4000
整租·白云山制药厂前山宿舍 3室2厅 东南,白云,同和,87.0,东,3室2厅1卫,2900
整租·溪悦西花园 4室2厅 南,花都,花东镇,110.0,南,4室2厅2卫,2300
整租·电子七所大院 2室1厅 南,海珠,客村,68.57,南,2室1厅1卫,4950
整租·沙太北路 3室1厅 东南,白云,沙太北,60.0,东,3室1厅1卫,1600
整租·南沙万达广场 1室0厅 东南,南沙,金洲,39.0,东,1室0厅1卫,1725
整租·南沙万达广场 2室2厅 东南,南沙,金洲,39.0,东,2室2厅1卫,2534
整租·越秀滨海珺城 4室2厅 南,南沙,明珠湾,154.3,南,4室2厅2卫,3500
整租·英豪花园 1室1厅 南,海珠,东晓南,68.0,南,1室1厅1卫,3200
整租·城市家园一期 4室2厅 南,增城,新塘北,163.0,南,4室2厅2卫,2200
整租·南国花园 3室2厅 东,天河,珠江新城东,109.0,东,3室2厅1卫,7300
整租·珠江国际城 3室2厅 西南,从化,神岗镇,142.0,西,3室2厅2卫,1710
整租·金地荔湖城水立坊 3室2厅 南,增城,永宁,149.0,南,3室2厅2卫,1580
整租·保利南沙天汇 3室2厅 南,南沙,黄阁,94.0,南,3室2厅2卫,1800
整租·星汇云锦 1室1厅 西南,天河,珠江新城西,15.0,西,1室1厅0卫,1000
整租·邦泰公馆 1室0厅 南,海珠,琶洲西,50.0,南,1室0厅1卫,3900
整租·广氮新村 1室1厅 南,天河,车陂,40.0,南,1室1厅1卫,2000
整租·天一新村 3室2厅 北,天河,粤垦,83.0,北,3室2厅1卫,3500
整租·星汇湾花园 1室0厅 东北,海珠,工业大道中,33.0,东,1室0厅1卫,1950
整租·佳润临江上品 1室1厅 南/北,天河,员村,12.0,南,1室1厅0卫,1200
整租·南华西路 2室1厅 东,海珠,滨江西,60.0,东,2室1厅1卫,2600
整租·保利海珠天珺 4室2厅 南,海珠,黄埔村,141.0,南,4室2厅2卫,10000
整租·南沙金茂湾 1室1厅 北,南沙,明珠湾,50.0,北,1室1厅1卫,2400
整租·敏捷科创中心 2室1厅 北,白云,太和,46.17,北,2室1厅1卫,2000
整租·广州敏捷绿湖首府 3室2厅 东北,增城,石滩镇,85.0,东,3室2厅1卫,1100
整租·怡苑 3室2厅 南/北,天河,体育中心,250.0,南,3室2厅3卫,20000
整租·碧桂园星荟 4室2厅 南,番禺,国际创新城,72.0,南,4室2厅2卫,4000
整租·员村四横路5号大院 1室0厅 南,天河,员村,25.0,南,1室0厅1卫,1600
整租·财智大厦 1室1厅 东南,海珠,新港西,75.0,东,1室1厅0卫,6800
整租·世港花园 1室1厅 南,海珠,琶洲西,47.0,南,1室1厅1卫,3640
整租·协和新世界 2室2厅 南,天河,天润路,78.0,南,2室2厅1卫,5200
整租·珠江帝景苑 5室2厅 南,海珠,广州塔,250.74,南,5室2厅3卫,18000
整租·万科幸福誉 3室2厅 南,黄埔,知识城,96.58,南,3室2厅2卫,2700
整租·一德花园 1室1厅 北,越秀,海珠广场,39.83,北,1室1厅1卫,3200
整租·南沙翡翠公馆 2室1厅 南/北,南沙,金洲,58.0,南,2室1厅1卫,1500
整租·云珠花园 1室0厅 南,花都,新区,13.0,南,1室0厅0卫,600
整租·工业大道北 2室1厅 东南,海珠,工业大道北,60.0,东,2室1厅1卫,2800
整租·碧桂园荔山雅筑 3室1厅 东北,从化,赤草,101.0,东,3室1厅1卫,1700
整租·保利越鸿都会广场 2室2厅 北,南沙,金洲,64.16,北,2室2厅1卫,1500
整租·南沙碧桂园 4室2厅 南,南沙,金洲,200.0,南,4室2厅2卫,4000
整租·南田路 1室1厅 东,海珠,同福,30.0,东,1室1厅0卫,1580
整租·保利大都汇 2室1厅 南,番禺,汉溪长隆,69.0,南,2室1厅1卫,3945
整租·西关海 0室1厅 南,荔湾,南岸路,12.48,南,,1000
整租·祈福万景峰 2室2厅 北,花都,铁路西,77.0,北,2室2厅1卫,2100
整租·东方新世界熹园 4室2厅 南,天河,天河公园,194.0,南,4室2厅2卫,22000
整租·港湾四村 1室1厅 南/北,黄埔,鱼珠,50.0,南,1室1厅1卫,1800
整租·叠溪花园 3室2厅 北,增城,朱村,85.0,北,3室2厅1卫,1000
整租·革新路 1室0厅 东,海珠,工业大道北,35.0,东,1室0厅1卫,1900
整租·平安大厦 1室0厅 东,天河,体育中心,10.0,东,1室0厅0卫,1200
整租·越秀明珠天悦江湾 3室2厅 南,南沙,明珠湾,98.0,南,3室2厅3卫,3500
title,area,detailplace,square,position,roomtype,price
合租·嘉仕花园东区 4居室 北卧,海珠,滨江东,20.57,北,4室1厅3卫,2236
合租·东漖新村 4居室 南卧,荔湾,坑口,6.8,南,4室1厅1卫,1186
整租·依山小筑 2室1厅 北,南沙,进港大道,70.37,北,2室1厅1卫,1700
合租·四季花园 4居室 南卧,荔湾,坑口,13.23,南,4室1厅2卫,1501
合租·南洲名苑 5居室 南卧,海珠,东晓南,9.3,南,5室1厅2卫,1354
合租·雅郡花园 4居室 南卧,海珠,琶洲东,8.28,南,4室1厅2卫,1879
合租·金融街融穗华府 4居室 西卧,荔湾,广钢新城,5.2,西,4室1厅1卫,1113
整租·珠光金融城壹号 1室1厅 东南,天河,东圃,56.0,东,1室1厅1卫,4200
整租·四海城 1室1厅 南,番禺,万博,51.0,南,1室1厅1卫,4500
合租·鸿运花园 4居室 北卧,海珠,客村,10.38,北,4室1厅2卫,2614
整租·风神花园 4室2厅 南/北,花都,铁路西,163.55,南,4室2厅2卫,2450
整租·保利东江首府 3室2厅 南,增城,新塘南,126.0,南,3室2厅2卫,3100
整租·敏捷绿湖首府一期 2室2厅 东北,增城,石滩镇,84.0,东,2室2厅1卫,1000
合租·华南新城北区 4居室 南卧,番禺,华南新城,8.0,南,4室1厅2卫,1186
整租·名门国际 1室1厅 北,花都,新区,83.0,北,1室1厅0卫,1800
合租·五羊小区 3居室 南卧,越秀,五羊新城,9.6,南,3室1厅1卫,1743
整租·锦绣银湾 3室2厅 北,番禺,大石,123.0,北,3室2厅1卫,5000
合租·珠江帝景苑 7居室 东南卧,海珠,广州塔,18.0,东,7室2厅2卫,1700
整租·星汇云锦 1室0厅 东南/南,天河,珠江新城西,12.0,东,1室0厅0卫,875
合租·南国奥园 4居室 西南卧,番禺,汉溪长隆,10.9,西,4室1厅2卫,1354
整租·东兴楼 3室2厅 南,天河,东圃,120.0,南,3室2厅1卫,3400
整租·怡龙苑 3室1厅 西南,海珠,宝岗,67.0,西,3室1厅1卫,3200
整租·番禺万达广场 1室1厅 东,番禺,万博,66.0,东,1室1厅0卫,5800
整租·星汇国际大厦 1室1厅 南,天河,珠江新城西,45.0,南,1室1厅1卫,4000
整租·天明苑 2室1厅 南/北,天河,天河公园,80.0,南,2室1厅1卫,4000
整租·星御翠园 2室1厅 北,海珠,广州大道南,53.0,北,2室1厅1卫,3600
整租·番禺万达广场 3室1厅 东,番禺,万博,228.0,东,3室1厅0卫,15000
整租·岭南新世界映悦园 2室2厅 南,白云,永泰,74.0,南,2室2厅1卫,4000
整租·粤信广场 3室1厅 东,海珠,赤岗,83.0,东,3室1厅1卫,4000
合租·东平苑 5居室 南卧,番禺,东怡新区,12.6,南,5室1厅2卫,976
整租·星汇文华 3室2厅 东南,番禺,大学城,135.0,东,3室2厅2卫,8000
整租·港航华庭 3室2厅 南,南沙,南沙港,103.0,南,3室2厅1卫,2500
整租·雅居乐花园时光九篇 4室2厅 南/北,番禺,雅居乐,156.0,南,4室2厅2卫,5500
整租·东华西路 1室0厅 北,越秀,东川路,40.0,北,1室0厅1卫,6200
合租·金龙城财富广场 3居室 北卧,番禺,亚运大道中,30.0,北,3室2厅2卫,1280
合租·广州奥林匹克花园 4居室 西南卧,番禺,洛溪,30.0,西,4室0厅0卫,4000
整租·越秀保利爱特城 4室2厅 南/北,黄埔,香雪,115.0,南,4室2厅2卫,2600
整租·中交国际邮轮广场 1室1厅 西,南沙,南沙港,108.16,西,1室1厅1卫,7000
整租·中交国际邮轮广场 1室1厅 西/西北,南沙,南沙港,138.41,西,1室1厅1卫,9000
整租·粤海广场 3室2厅 东/东南,番禺,万博,90.0,东,3室2厅2卫,7900
整租·林和邨 2室1厅 东南,天河,林和,75.0,东,2室1厅1卫,7000
整租·元邦明月星辉 1室0厅 东,荔湾,龙津,15.0,东,1室0厅0卫,1500
整租·珠江华景里 3室2厅 南/北,天河,华景新城,104.0,南,3室2厅1卫,5800
整租·穗乐花园 3室2厅 南/北,天河,员村,75.0,南,3室2厅1卫,3100
整租·石牌东路 2室2厅 东南,天河,石牌,66.0,东,2室2厅1卫,3600
整租·碧桂园朝花 1室1厅 东南,荔湾,鹤洞,33.0,东,1室1厅1卫,2100
整租·中交蓝色海湾 4室2厅 东北,南沙,南沙港,143.0,东,4室2厅2卫,4200
整租·邮电新村华乐路 1室1厅 南,越秀,建设路,40.0,南,1室1厅1卫,2800
整租·保利堂悦 4室2厅 东北,荔湾,广钢新城,178.0,东,4室2厅3卫,13000
整租·佳润云凯雅寓 2室1厅 南,白云,同和,55.0,南,2室1厅1卫,3300
整租·越秀滨海隽城 3室2厅 东南,南沙,金洲,124.0,东,3室2厅2卫,2400
整租·天河直街小区 3室1厅 北,天河,体育中心,87.43,北,3室1厅1卫,3200
整租·先烈中路 3室2厅 东南,越秀,黄花岗,95.0,东,3室2厅1卫,4600
整租·誉峰 4室2厅 西南,天河,珠江新城东,236.0,西,4室2厅3卫,33000
整租·柳岸晓风 4室2厅 南,南沙,明珠湾,125.0,南,4室2厅2卫,4500
整租·叠翠峰 3室2厅 南,南沙,南沙区府,97.0,南,3室2厅2卫,3000
整租·湾区·金融城 3室2厅 东南/南,南沙,明珠湾,101.0,东,3室2厅2卫,3500
整租·广弘天琪 1室0厅 东,天河,珠江新城西,41.0,东,1室0厅1卫,4300
整租·万科云城米酷 1室1厅 西,天河,智慧城,25.0,西,1室1厅1卫,2300
整租·南沙碧桂园 7室2厅 南,南沙,金洲,448.0,南,7室2厅3卫,12000
合租·万科尚城御府 2居室 南卧,黄埔,南岗,30.0,南,2室0厅2卫,850
整租·优山悦海 2室2厅 东南,南沙,南沙港,68.0,东,2室2厅1卫,2100
合租·万科尚城御府 2居室 北卧,黄埔,南岗,30.0,北,2室0厅2卫,850
整租·粤海壹桂府 2室2厅 南,越秀,海珠广场,91.0,南,2室2厅1卫,11500
整租·西华路 1室0厅 南,荔湾,西华路,43.0,南,1室0厅1卫,2700
整租·碧桂园御湖城二期 3室2厅 南,从化,江埔街,90.0,南,3室2厅1卫,1600
整租·联投·文津府 4室2厅 西南,天河,黄村,136.43,西,4室2厅2卫,15000
整租·锦绣新天地 3室1厅 东,增城,新塘南,124.0,东,3室1厅1卫,1200
整租·盈港国际 1室1厅 南,南沙,进港大道,223.91,南,1室1厅0卫,10000
整租·招商金山谷MINI-TOP 1室1厅 西北,番禺,金山谷,30.0,西,1室1厅1卫,1600
整租·越秀滨海新城 3室2厅 南,南沙,进港大道,98.0,南,3室2厅2卫,2000
整租·奥园养生广场 1室1厅 南,番禺,桥南,57.77,南,1室1厅1卫,2000
整租·荔嘉公馆 1室1厅 北,番禺,桥南,32.0,北,1室1厅1卫,1000
整租·前进路(海珠) 1室1厅 东南,海珠,前进路,25.0,东,1室1厅1卫,1600
整租·信业悦都荟 2室2厅 南,番禺,市桥北,49.0,南,2室2厅1卫,2600
整租·富力千禧花园 3室2厅 南,海珠,中大,60.0,南,3室2厅1卫,4800
整租·嘉都汇 2室2厅 南,花都,镜湖大道,89.0,南,2室2厅1卫,5000
整租·佳兆业城市广场 2室2厅 南,黄埔,南岗,52.0,南,2室2厅2卫,2300
整租·荔湾路 1室0厅 南,荔湾,陈家祠,22.0,南,1室0厅1卫,1300
整租·翡翠绿洲森林半岛 3室2厅 南,增城,凤凰城,98.0,南,3室2厅1卫,2100
整租·磨碟沙花苑 3室1厅 南,海珠,琶洲西,90.0,南,3室1厅1卫,6000
整租·汇侨新城南区 2室2厅 东,白云,新市,112.0,东,2室2厅1卫,3000
整租·光华大厦 2室1厅 南,天河,体育中心,83.0,南,2室1厅1卫,5000
整租·凯德山海连城二期 4室2厅 南,番禺,莲花山,131.7,南,4室2厅2卫,4800
整租·三元里大道 1室0厅 南,越秀,三元里,40.0,南,1室0厅1卫,2300
整租·光华大厦 2室1厅 南,天河,体育中心,83.1,南,2室1厅1卫,5000
合租·美的江上沄启 2居室 西北卧,南沙,明珠湾,18.0,西,2室0厅1卫,1100
整租·怡安花园 1室1厅 北,海珠,滨江中,43.0,北,1室1厅1卫,2500
整租·金穗雅园 1室1厅 北,海珠,广州大道南,42.2,北,1室1厅1卫,3600
整租·方圆滨江壹号 1室1厅 北,海珠,客村,46.43,北,1室1厅1卫,4200
整租·保利中环广场 2室1厅 东南,越秀,建设路,94.0,东,2室1厅1卫,8500
整租·奥园城市天地 1室1厅 南,番禺,汉溪长隆,48.0,南,1室1厅2卫,2700
整租·亚太新城富丽园 3室2厅 北,增城,新塘北,132.0,北,3室2厅2卫,2300
整租·林和邨 2室1厅 北,天河,林和,75.0,北,2室1厅1卫,5500
整租·保利紫云 4室2厅 复式 南,白云,新市,103.0,南,4室2厅1卫,6000
整租·先烈东横路 1室0厅 南,天河,沙河,30.0,南,1室0厅1卫,2500
整租·展创商务中心 1室0厅 南/北,番禺,广州南站,31.0,南,1室0厅1卫,1600
整租·中建玖玥湾 3室1厅 南,南沙,南沙港,100.0,南,3室1厅1卫,2500
整租·碧桂园豪进左岸 4室2厅 东北,增城,石滩镇,142.0,东,4室2厅2卫,1500
整租·六运小区 3室1厅 东/南/西,天河,天河南,98.0,东,3室1厅1卫,15000
整租·棠德花苑 2室1厅 东南,天河,棠下,66.0,东,2室1厅1卫,2600
整租·湾区·金融城 3室1厅 南,南沙,明珠湾,101.0,南,3室1厅2卫,3500
整租·六运小区 1室0厅 东南/北,天河,天河南,68.0,东,1室0厅0卫,20000
整租·天力居 1室1厅 北,天河,东圃,43.83,北,1室1厅1卫,3200
整租·东华西路 3室1厅 西南,越秀,东川路,70.0,西,3室1厅1卫,3800
整租·百信广场 1室1厅 北,白云,新市,82.0,北,1室1厅2卫,5500
整租·珠江天郦 4室1厅 南,天河,棠下,142.0,南,4室1厅2卫,14000
整租·白马花园 1室1厅 南,天河,员村,35.0,南,1室1厅1卫,1900
整租·应元路 2室1厅 西南,越秀,小北,45.0,西,2室1厅1卫,3200
整租·珠江天郦 4室1厅 东南,天河,棠下,140.0,东,4室1厅2卫,14000
整租·富力金港城南区 2室2厅 南,花都,花东镇,83.0,南,2室2厅1卫,1400
整租·清水濠小区 2室1厅 东,越秀,越秀南,50.0,东,2室1厅1卫,2800
整租·六运小区 3室1厅 复式 南/北,天河,天河南,87.3,南,3室1厅1卫,6800
整租·逢源路 2室1厅 南,荔湾,龙津,35.52,南,2室1厅1卫,2600
整租·耀华社区耀华西街 2室1厅 东/东南,荔湾,西关,56.17,东,2室1厅1卫,2800
整租·保利罗兰国际 4室2厅 南,黄埔,科学城,126.0,南,4室2厅2卫,5000
整租·景新国际名城 3室2厅 北,增城,中新镇,90.7,北,3室2厅1卫,1800
整租·东凌广场 1室1厅 南,增城,凤凰城,60.17,南,1室1厅1卫,1100
整租·金地香山湖香景花园 3室2厅 南,增城,永宁,100.0,南,3室2厅2卫,1400
整租·燕子岗南路 2室1厅 东南,海珠,江燕路,49.0,东,2室1厅1卫,1700
整租·奥园城市天地 1室1厅 西南,番禺,汉溪长隆,48.0,西,1室1厅1卫,2800
整租·海印南苑 3室1厅 北,海珠,东晓路,117.0,北,3室1厅2卫,5500
整租·香江国际金融中心 1室1厅 南,南沙,金洲,40.12,南,1室1厅1卫,1400
整租·金地天河公馆 3室1厅 东北,天河,黄村,89.0,东,3室1厅1卫,4500
整租·龙怡苑 2室2厅 南/北,天河,东圃,70.0,南,2室2厅1卫,3000
整租·凯德天河新作新园 3室2厅 南,天河,体育中心,130.0,南,3室2厅2卫,13500
整租·富力盈盛广场 2室1厅 南,天河,珠江新城东,115.0,南,2室1厅1卫,11000
整租·江南西路 1室1厅 南,海珠,江南西,60.0,南,1室1厅1卫,10000
整租·光华大厦 2室1厅 南,天河,体育中心,83.0,南,2室1厅1卫,5000
整租·丽景湾 3室2厅 南,海珠,滨江东,108.0,南,3室2厅1卫,6200
合租·嘉怡苑 4居室 东卧,天河,林和,30.0,东,4室0厅1卫,1680
整租·富力天朗明居 1室1厅 南,天河,棠下,44.0,南,1室1厅1卫,3300
整租·骏汇大厦 2室1厅 南,天河,天河南,84.91,南,2室1厅1卫,10000
整租·越秀保利爱特城 4室2厅 复式 南,黄埔,香雪,108.0,南,4室2厅2卫,2500
合租·美的江上沄启 2居室 西北卧,南沙,明珠湾,18.0,西,2室0厅1卫,1200
整租·时代廊桥(增城) 3室2厅 南,增城,永宁,99.0,南,3室2厅2卫,1800
title,area,detailplace,square,position,roomtype,price
整租·保利天汇五期 4室2厅 南,天河,黄村,127.0,南,4室2厅2卫,8500
整租·星河·湾区壹号 4室2厅 东南,南沙,金洲,61.0,东,4室2厅2卫,1900
整租·保利天悦公寓 1室1厅 南,海珠,琶洲东,38.0,南,1室1厅1卫,5300
整租·西关海 3室2厅 东北,荔湾,南岸路,128.22,东,3室2厅2卫,9500
整租·南沙万达广场 1室1厅 南,南沙,金洲,52.0,南,1室1厅1卫,1300
整租·金地荔湖城水立坊 5室2厅 东南,增城,永宁,226.0,东,5室2厅4卫,4000
整租·同福东路 1室0厅 东南,海珠,同福,22.0,东,1室0厅1卫,1500
整租·珠江帝景苑 4室2厅 北,海珠,广州塔,154.0,北,4室2厅2卫,15000
整租·淘金路 3室2厅 南,越秀,淘金,100.0,南,3室2厅1卫,5000
整租·保利中航城花园一期 3室2厅 复式 南,增城,朱村,95.0,南,3室2厅2卫,2000
整租·越秀东坡 5室2厅 复式 南,南沙,进港大道,108.0,南,5室2厅3卫,2500
整租·富门花园 5室2厅 南,南沙,黄阁,157.0,南,5室2厅2卫,2600
整租·越秀万力·星悦峯 4室2厅 南,黄埔,夏园,64.0,南,4室2厅2卫,2500
整租·海力公寓 15室0厅 南/北,南沙,进港大道,962.56,南,15室0厅9卫,34000
整租·敏捷莱茵花园 3室2厅 北,增城,荔城增江,107.04,北,3室2厅2卫,1800
整租·碧桂园天玺湾 3室2厅 南,南沙,进港大道,78.0,南,3室2厅1卫,2200
整租·领峰园 3室2厅 南,天河,珠江新城中,160.0,南,3室2厅2卫,18000
整租·东方名都花园 3室1厅 东南/南,增城,白江,123.5,东,3室1厅2卫,3600
整租·新月明珠花园 3室1厅 南,番禺,大石,108.0,南,3室1厅2卫,4800
整租·南沙金茂湾 3室2厅 南,南沙,明珠湾,126.0,南,3室2厅2卫,4500
整租·东山月府 3室2厅 西南/北,越秀,五羊新城,126.0,西,3室2厅2卫,11000
整租·南洲花苑东区 1室1厅 东,海珠,南洲,31.36,东,1室1厅1卫,3300
整租·花城北苑 2室2厅 东南,花都,旧区,80.0,东,2室2厅1卫,1900
整租·仁济西路 2室1厅 东,越秀,人民路,18.06,东,2室1厅1卫,3000
整租·广州设计之都 1室1厅 北,白云,黄边,40.0,北,1室1厅1卫,2200
整租·广州设计之都 1室1厅 北,白云,黄边,30.0,北,1室1厅1卫,2400
整租·莱茵水岸 3室2厅 东北,从化,江埔街,123.0,东,3室2厅2卫,2200
整租·越秀中国铁建南投海语天悦湾 4室2厅 南,南沙,明珠湾,123.0,南,4室2厅2卫,3800
整租·六运小区 2室1厅 南/北,天河,天河南,76.0,南,2室1厅1卫,23800
整租·东成花园 3室2厅 东南,天河,石牌,80.0,东,3室2厅2卫,4200
整租·信达金茂广场 2室1厅 北,天河,沙太南,46.0,北,2室1厅1卫,6500
整租·共和路 2室1厅 南/北,越秀,杨箕,57.0,南,2室1厅1卫,4300
整租·龙津东路 2室1厅 西南,荔湾,龙津,50.0,西,2室1厅1卫,2500
整租·环市中路 1室0厅 西,越秀,小北,25.0,西,1室0厅1卫,2300
整租·圣雅堡 1室0厅 东北,白云,罗冲围,38.0,东,1室0厅1卫,1600
整租·敏捷锦绣天伦 3室2厅 东南,增城,新塘北,90.0,东,3室2厅1卫,2400
整租·昌乐园 1室0厅 南/北,天河,员村,30.0,南,1室0厅1卫,2200
整租·珠江铂世湾 5室2厅 南,番禺,华南新城,131.0,南,5室2厅2卫,6800
整租·碧桂园凤凰城凤妍苑 3室2厅 南,增城,凤凰城,99.0,南,3室2厅1卫,2200
整租·敏捷锦绣天伦 2室2厅 南/北,增城,新塘北,75.0,南,2室2厅1卫,2400
整租·合景天峻 3室2厅 北,黄埔,知识城,88.0,北,3室2厅1卫,2400
整租·珠光新城御景二期回迁房 2室2厅 南,天河,珠江新城东,80.0,南,2室2厅1卫,7300
整租·江南西路 3室2厅 东南,海珠,江南西,70.0,东,3室2厅1卫,3500
整租·景业壹方天地 3室2厅 南,增城,石滩镇,87.0,南,3室2厅2卫,1500
整租·星汇城 4室2厅 南,黄埔,知识城,104.0,南,4室2厅2卫,1800
整租·万科春风十里 4室2厅 复式 南/北,增城,朱村,98.75,南,4室2厅2卫,1850
整租·江南大道中 3室1厅 东南,海珠,江南大道中,91.0,东,3室1厅1卫,3999
整租·保利心语 1室0厅 南,天河,珠江新城中,12.19,南,1室0厅0卫,900
整租·保利百合花园 1室0厅 东,海珠,江燕路,12.0,东,1室0厅0卫,1200
整租·敏捷绿湖首府三期 3室2厅 东北,增城,石滩镇,84.0,东,3室2厅1卫,1000
合租·富力半岛 4居室 东北卧,白云,罗冲围,12.9,东,4室1厅2卫,1356
合租·泰景花园 4居室 北卧,黄埔,黄埔区府,12.31,北,4室1厅2卫,1816
合租·豫章苑 4居室 北卧,黄埔,大沙地,10.0,北,4室1厅1卫,1323
合租·豫章苑 4居室 西卧,黄埔,大沙地,12.0,西,4室1厅2卫,1816
整租·碧桂园凤凰城凤锦苑 3室2厅 南,增城,凤凰城,122.0,南,3室2厅2卫,2700
整租·金湖湾公寓 1室1厅 南,白云,沙太北,38.0,南,1室1厅1卫,1600
整租·中交汇通中心 1室1厅 南,南沙,明珠湾,48.0,南,1室1厅1卫,1600
合租·恒荔湾畔 4居室 南卧,荔湾,芳村,7.1,南,4室1厅1卫,1127
整租·中交汇通中心 2室1厅 南,南沙,明珠湾,56.0,南,2室1厅1卫,2200
整租·名门大厦 2室1厅 北,天河,珠江新城西,79.32,北,2室1厅1卫,6000
整租·奥园莲峰圣境 4室2厅 南,番禺,莲花山,220.0,南,4室2厅3卫,4500
整租·中交汇通中心 2室2厅 东,南沙,明珠湾,52.0,东,2室2厅1卫,2700
整租·越秀明珠天悦江湾 3室2厅 南,南沙,明珠湾,90.0,南,3室2厅2卫,2203
合租·广信华景大厦 4居室 北卧,越秀,五羊新城,7.52,北,4室1厅1卫,1459
合租·第三金碧花园 4居室 南卧,海珠,金碧,7.54,南,4室1厅2卫,1323
合租·万科尚城御府 2居室 南卧,黄埔,南岗,24.0,南,2室0厅2卫,900
整租·广州雅居乐花园新地沁园 1室0厅 东南,番禺,雅居乐,12.0,东,1室0厅0卫,400
整租·萝岗奥园广场 3室2厅 南,黄埔,香雪,86.0,南,3室2厅1卫,3500
合租·蓝色康园 4居室 东卧,海珠,滨江东,8.3,东,4室1厅2卫,1638
合租·万科柏悦湾 4居室 南卧,荔湾,大坦沙,9.4,南,4室1厅2卫,1533
合租·中海橡园国际 4居室 东南卧,海珠,工业大道北,10.8,东,4室1厅1卫,2131
整租·中交蓝色海湾 3室1厅 东南,南沙,南沙港,93.0,东,3室1厅1卫,2400
合租·时代春树里 5居室 南卧,黄埔,香雪,14.8,南,5室1厅2卫,1396
整租·广州雅居乐花园新地沁园 1室0厅 东南,番禺,雅居乐,12.0,东,1室0厅0卫,400
整租·中旅侨苑 2室2厅 东南,海珠,昌岗,80.0,东,2室2厅1卫,4600
整租·裕景花园西区 13室3厅 东南/南/北,番禺,洛溪,900.0,东,13室3厅5卫,40000
整租·大德路 1室1厅 北,越秀,解放南,60.0,北,1室1厅1卫,3500
合租·丰兴广场 4居室 东南卧,天河,天河南,30.0,东,4室1厅1卫,3580
整租·晓翠苑 2室1厅 西南,白云,机场路,45.0,西,2室1厅1卫,2200
整租·中山一路 3室1厅 南,越秀,东风东,78.0,南,3室1厅1卫,6200
整租·海逸花园 3室1厅 南,海珠,江南大道中,80.0,南,3室1厅1卫,3400
整租·华燊大厦 2室1厅 南,黄埔,开发西区,76.0,南,2室1厅1卫,2300
整租·兰亭盛荟 2室2厅 南,天河,东圃,65.0,南,2室2厅1卫,4600
整租·保利越鸿都会广场 1室1厅 南/北,南沙,金洲,55.0,南,1室1厅1卫,1600
整租·敦和花园 3室1厅 东南,海珠,客村,77.0,东,3室1厅1卫,4000
整租·富力路 1室1厅 南,荔湾,南岸路,30.0,南,1室1厅1卫,1450
整租·时代长岛 3室2厅 南,南沙,进港大道,108.0,南,3室2厅1卫,1600
合租·聚侨苑 4居室 南卧,天河,天河南,25.0,南,4室0厅1卫,2480
整租·时代南湾 3室2厅 东南,南沙,南沙港,148.0,东,3室2厅2卫,1700
整租·越秀天荟江湾 1室1厅 东南,海珠,工业大道南,38.0,东,1室1厅1卫,3600
整租·保利罗兰国际 3室2厅 南,黄埔,科学城,89.0,南,3室2厅1卫,4500
整租·广州敏捷绿湖首府 3室2厅 南,增城,石滩镇,103.0,南,3室2厅2卫,1300
整租·广卫路 1室1厅 南,越秀,公园前,30.0,南,1室1厅1卫,2600
整租·天虹花园 2室1厅 北,黄埔,大沙地,77.0,北,2室1厅1卫,2800
整租·耀华社区存善东街 1室0厅 东南,荔湾,西关,25.0,东,1室0厅1卫,1650
整租·时代天汇 3室2厅 南,增城,石滩镇,97.0,南,3室2厅2卫,1500
整租·怡景新村 2室1厅 南,天河,员村,55.0,南,2室1厅1卫,2280
整租·湾区·金融城 4室2厅 东南,南沙,明珠湾,136.0,东,4室2厅2卫,3528
整租·先烈南路青龙坊 2室1厅 南,越秀,建设路,60.0,南,2室1厅1卫,3000
整租·机关宿舍 2室2厅 东南,越秀,小北,75.0,东,2室2厅1卫,4200
整租·宜安小区 2室1厅 南,越秀,建设路,55.0,南,2室1厅1卫,3200
整租·农林上路八横路 4室1厅 东南,越秀,东山口,135.0,东,4室1厅1卫,8500
整租·福今路 2室1厅 东南,越秀,东山口,73.62,东,2室1厅1卫,4400
整租·天俊阁 1室0厅 南,天河,体育中心,118.0,南,1室0厅1卫,12000
整租·金穗大厦 3室1厅 东南,天河,体育中心,91.0,东,3室1厅1卫,3800
整租·南沙保利南怡湾 3室2厅 南,南沙,黄阁,99.0,南,3室2厅2卫,1800
整租·颐和山庄 4室2厅 复式 西南,白云,南湖,143.73,西,4室2厅3卫,6300
整租·实地蔷薇国际 4室2厅 东南,增城,荔城西区,117.7,东,4室2厅2卫,1500
整租·富力天海湾 3室2厅 南,南沙,明珠湾,97.0,南,3室2厅1卫,3000
整租·越秀滨海新城 3室2厅 北,南沙,进港大道,94.0,北,3室2厅2卫,1850
整租·越秀滨海悦城 1室0厅 南/北,南沙,金洲,13.08,南,1室0厅0卫,350
整租·保利红棉花园 8室2厅 东/南/西/北,海珠,江燕路,644.0,东,8室2厅2卫,28880
整租·保利红棉花园 8室2厅 南,海珠,江燕路,644.0,南,8室2厅2卫,28880
整租·骏业阁 1室0厅 东,荔湾,西关,9.0,东,1室0厅0卫,1200
整租·实地常春藤 3室1厅 南,黄埔,黄埔永和,97.0,南,3室1厅2卫,2800
整租·敏捷君御国际 1室1厅 南,南沙,金洲,78.0,南,1室1厅1卫,2000
整租·柏丽甜果公馆 3室2厅 南,番禺,市桥,84.0,南,3室2厅2卫,3900
整租·华景新城逸雅居 3室2厅 西南,天河,华景新城,95.0,西,3室2厅1卫,5500
整租·方圆明月山溪 1室1厅 南,从化,温泉镇,39.0,南,1室1厅1卫,1000
整租·逢源路 4室2厅 南,荔湾,龙津,73.69,南,4室2厅3卫,4300
整租·南沙金茂湾 4室3厅 东,南沙,明珠湾,307.0,东,4室3厅3卫,19000
整租·南沙金茂湾 1室0厅 南,南沙,明珠湾,12.0,南,1室0厅0卫,400
整租·南沙金茂湾 4室3厅 东南,南沙,明珠湾,305.0,东,4室3厅3卫,17000
title,area,detailplace,square,position,roomtype,price
整租·奥园莲峰圣境 4室2厅 南,番禺,莲花山,220.0,南,4室2厅3卫,6000
整租·天马丽苑二期 3室2厅 南,花都,铁路西,98.0,南,3室2厅1卫,2300
整租·方圆明月山溪 1室0厅 南,从化,温泉镇,45.0,南,1室0厅1卫,800
合租·岭南新世界 5居室 东卧,白云,嘉禾望岗,13.5,东,5室1厅2卫,2194
整租·广信金兰花园 3室1厅 南,白云,白云大道南,94.0,南,3室1厅1卫,4100
合租·瑞东花园 4居室 西卧,黄埔,文冲,5.53,西,4室1厅1卫,1039
整租·恒大山水城 3室2厅 北,增城,中新镇,100.0,北,3室2厅1卫,2000
整租·锦绣香江花园山水华府 6室2厅 复式 东南,番禺,汉溪长隆,476.7,东,6室2厅3卫,27000
整租·琶洲壹號 6室3厅 南,海珠,琶洲东,324.0,南,6室3厅5卫,40000
整租·麓苑路42号大院 2室1厅 东,越秀,淘金,117.0,东,2室1厅1卫,6480
整租·万科东荟城 1室0厅 南,黄埔,香雪,12.0,南,1室0厅0卫,400
整租·环市东路 1室1厅 南,越秀,环市东,30.0,南,1室1厅1卫,3300
合租·新世界东逸花园 4居室 北卧,天河,天河公园,11.6,北,4室1厅2卫,2929
整租·碧桂园豪进左岸 4室2厅 南,增城,石滩镇,142.28,南,4室2厅2卫,2000
合租·中怡城市花园 3居室 南卧,天河,林和,21.3,南,3室1厅2卫,2898
整租·翠微庄园 1室0厅 东,天河,天河公园,12.0,东,1室0厅0卫,1000
整租·碧桂园豪进左岸 3室2厅 南,增城,石滩镇,102.0,南,3室2厅2卫,2000
整租·叠溪花园 3室2厅 北,增城,朱村,85.0,北,3室2厅1卫,1620
整租·绿城美的·晓风印月 4室2厅 南,南沙,明珠湾,125.0,南,4室2厅2卫,3000
整租·协和新世界 1室0厅 南,天河,天润路,11.8,南,1室0厅0卫,1500
合租·保利心语 4居室 北卧,天河,珠江新城中,15.8,北,4室1厅2卫,2990
整租·合景誉山国际三区 3室2厅 南,增城,永宁,101.0,南,3室2厅2卫,2000
整租·恒大山水郡 3室2厅 南,增城,中新镇,128.0,南,3室2厅2卫,1300
整租·范屋村 2室1厅 东南,天河,沙河,53.0,东,2室1厅1卫,1900
整租·增槎路 1室1厅 南,白云,罗冲围,36.0,南,1室1厅1卫,1900
整租·芭堤水岸 2室2厅 东南,海珠,滨江东,90.55,东,2室2厅1卫,6500
整租·增槎路 1室0厅 南,白云,罗冲围,41.0,南,1室0厅1卫,2100
整租·增槎路 1室1厅 南,白云,罗冲围,36.0,南,1室1厅1卫,1900
整租·文昌南路 9室9厅 东/南/西/北,荔湾,西关,880.0,东,9室9厅9卫,20000
整租·中交汇通中心 2室1厅 北,南沙,明珠湾,54.0,北,2室1厅1卫,2100
整租·富基广场A区 1室1厅 东南,海珠,滨江中,42.0,东,1室1厅1卫,3600
整租·广州奥林匹克花园 4室2厅 南/西南,番禺,洛溪,129.0,南,4室2厅2卫,4500
整租·万科海上明月 2室2厅 北,南沙,黄阁,59.0,北,2室2厅1卫,1890
整租·公路规划局宿舍 3室1厅 南,天河,沙太南,84.7,南,3室1厅1卫,3000
整租·珠江帝景苑 4室1厅 东,海珠,广州塔,257.0,东,4室1厅1卫,20000
整租·中交蓝色海湾 3室2厅 东南,南沙,南沙港,101.0,东,3室2厅1卫,3000
整租·金地荔湖城水立坊 2室2厅 东北,增城,永宁,94.87,东,2室2厅1卫,1300
整租·融创御园 3室2厅 南,增城,朱村,99.0,南,3室2厅2卫,1800
整租·华文学院 3室2厅 南,天河,粤垦,85.0,南,3室2厅1卫,3700
整租·先烈中路 4室2厅 南,越秀,黄花岗,120.0,南,4室2厅2卫,5000
合租·敏捷尚品国际 2居室 北卧,南沙,进港大道,60.0,北,2室1厅1卫,1200
整租·海棠阁 3室2厅 东南,天河,林和,93.0,东,3室2厅1卫,6000
整租·广晟海韵兰庭 3室2厅 南,南沙,进港大道,86.42,南,3室2厅1卫,1850
整租·小北路 1室0厅 西南,越秀,小北,30.0,西,1室0厅1卫,2800
整租·光大花园中海锦榕湾 1室0厅 东,海珠,工业大道北,12.0,东,1室0厅0卫,1200
整租·中山一路 2室1厅 南/北,越秀,东风东,50.0,南,2室1厅1卫,4300
整租·丽景阁 1室1厅 南,番禺,市桥,32.0,南,1室1厅1卫,1300
整租·星河盛世 3室2厅 东南,南沙,进港大道,125.0,东,3室2厅2卫,3200
整租·利雅湾 3室2厅 西南,天河,珠江新城中,125.0,西,3室2厅2卫,13000
整租·新世界凯粤湾 1室0厅 东北,荔湾,滘口,22.32,东,1室0厅0卫,1800
整租·君立国际公寓 3室1厅 南,白云,同和,81.0,南,3室1厅1卫,4600
整租·雅居乐剑桥汇 4室2厅 南/北,番禺,雅居乐,285.0,南,4室2厅4卫,7000
合租·辉洋苑 3居室 东卧,荔湾,黄沙,14.4,东,3室1厅1卫,1558
整租·华骏花园 3室2厅 西,天河,珠江新城东,153.0,西,3室2厅1卫,10000
整租·远洋天骄广场 1室1厅 东南,天河,天河客运站,46.0,东,1室1厅1卫,2500
合租·岭南新世界 4居室 北卧,白云,嘉禾望岗,9.03,北,4室1厅2卫,1249
合租·金域蓝湾 5居室 东卧,白云,金沙洲,7.24,东,5室1厅2卫,1008
整租·桃花路 4室3厅 复式 南,番禺,莲花山,205.67,南,4室3厅2卫,2400
整租·建设二马路 2室1厅 南,越秀,建设路,67.0,南,2室1厅1卫,3500
合租·万科东荟城 5居室 北卧,黄埔,香雪,8.6,北,5室1厅2卫,1249
整租·领江壹号 1室0厅 南,海珠,客村,25.54,南,1室0厅0卫,1600
合租·骏景花园 4居室 北卧,天河,棠下,18.91,北,4室1厅2卫,2719
整租·小北路 2室1厅 南,越秀,小北,50.0,南,2室1厅1卫,3200
整租·广州敏捷绿湖首府 3室2厅 东北,增城,石滩镇,105.0,东,3室2厅2卫,1220
合租·怡乐园(番禺) 5居室 北卧,番禺,市桥,11.07,北,5室1厅2卫,1113
整租·方圆流花月岛 1室0厅 西,越秀,人民北,17.18,西,1室0厅0卫,4600
整租·保利中航城花园一期 3室2厅 南,增城,朱村,92.0,南,3室2厅2卫,3500
合租·南国奥园 4居室 北卧,番禺,汉溪长隆,14.2,北,4室1厅2卫,1921
整租·锦绣银湾 1室0厅 南/北,番禺,大石,12.0,南,1室0厅0卫,850
整租·保利立方花园 4室1厅 跃层 南,增城,永宁,95.0,南,4室1厅2卫,2100
合租·中海康城 4居室 北卧,天河,黄村,13.0,北,4室1厅1卫,1638
整租·奥园城市天地 1室0厅 东,番禺,汉溪长隆,35.34,东,1室0厅0卫,450
合租·新世界逸彩庭园 4居室 东卧,荔湾,滘口,6.46,东,4室1厅2卫,1081
整租·顺欣花园 3室1厅 南,增城,新塘北,89.0,南,3室1厅2卫,2700
整租·凯德山海连城一期 3室2厅 南,番禺,莲花山,124.35,南,3室2厅2卫,4000
整租·景业荔都 3室2厅 北,从化,江埔街,99.0,北,3室2厅1卫,950
合租·新世界逸彩庭园 4居室 南卧,荔湾,滘口,12.1,南,4室1厅1卫,1396
整租·中交蓝色海湾 4室2厅 南/北,南沙,南沙港,135.0,南,4室2厅2卫,3500
整租·粤海丽江花园 4室1厅 南,天河,珠江新城东,197.0,南,4室1厅1卫,20000
合租·暨南花园 4居室 北卧,天河,石牌,11.1,北,4室1厅2卫,2236
合租·怡乐园(番禺) 5居室 东卧,番禺,市桥,16.71,东,5室1厅2卫,1186
整租·站前路(荔湾) 2室1厅 北,荔湾,流花站前,45.0,北,2室1厅1卫,2000
整租·中交汇通中心 1室1厅 南,南沙,明珠湾,48.0,南,1室1厅1卫,1600
整租·星河东悦湾 3室1厅 东北,南沙,黄阁,89.0,东,3室1厅2卫,3500
整租·水荫路34号大院 2室1厅 南,越秀,水荫,67.0,南,2室1厅1卫,5000
整租·美林海岸 5室2厅 南,天河,员村,268.0,南,5室2厅2卫,8500
整租·星汇城 4室2厅 东南,黄埔,知识城,104.0,东,4室2厅2卫,3500
整租·合景睿峰L7 1室0厅 东,天河,珠江新城东,15.0,东,1室0厅0卫,1000
整租·中交汇通中心 1室1厅 南,南沙,明珠湾,48.0,南,1室1厅1卫,1593
整租·亚运城运动员村四区 3室2厅 南,番禺,亚运城,138.0,南,3室2厅2卫,4100
整租·花语阳光花园 3室2厅 东南,南沙,明珠湾,120.0,东,3室2厅2卫,2400
整租·保利香雪山别墅 6室3厅 复式 南/北,黄埔,科学城,280.0,南,6室3厅6卫,23000
整租·仓边路 1室1厅 东,越秀,农讲所,60.0,东,1室1厅1卫,3500
整租·东兴楼 2室1厅 南,天河,东圃,50.0,南,2室1厅1卫,1600
整租·天健天玺 6室3厅 南,黄埔,长岭居,350.0,南,6室3厅3卫,12000
整租·建设二马路 2室1厅 南/北,越秀,建设路,78.7,南,2室1厅1卫,2800
整租·嘉裕公馆 3室2厅 西,天河,珠江新城中,152.85,西,3室2厅1卫,18000
整租·东风东路 3室1厅 东南,越秀,环市东,70.0,东,3室1厅1卫,4500
整租·广州敏捷绿湖首府 3室2厅 南,增城,石滩镇,105.77,南,3室2厅2卫,1600
整租·光大花园榕景四季 1室0厅 北,海珠,工业大道北,12.0,北,1室0厅0卫,1500
整租·恒大山水城 3室2厅 东,增城,中新镇,120.0,东,3室2厅2卫,1700
整租·紫茗花园 3室2厅 东,南沙,进港大道,107.0,东,3室2厅1卫,1450
整租·星河山海湾 4室2厅 南/北,南沙,南沙港,112.0,南,4室2厅2卫,3200
整租·逸翠庄园 5室2厅 复式 北,增城,荔城西区,279.0,北,5室2厅4卫,4000
整租·岳洲路 2室1厅 东,天河,五山,65.0,东,2室1厅1卫,2000
整租·敏捷御峰国际 2室2厅 南,番禺,会江,58.8,南,2室2厅2卫,3690
整租·佳兆业悦江府 3室2厅 东南,南沙,明珠湾,100.0,东,3室2厅2卫,2300
整租·雅居乐花园时光九篇 4室2厅 东南/西南,番禺,雅居乐,169.22,东,4室2厅2卫,5500
整租·星河山海湾 3室2厅 东北,南沙,南沙港,125.0,东,3室2厅1卫,3500
整租·越秀滨海隽城 3室2厅 南,南沙,金洲,120.0,南,3室2厅2卫,2800
整租·天诚广场 2室2厅 南,天河,天润路,100.0,南,2室2厅2卫,5800
整租·泰景花园东城华庭 3室2厅 南/北,黄埔,黄埔区府,99.0,南,3室2厅1卫,4500
整租·碧桂园豪园湖心苑 4室2厅 复式 东南,增城,增城碧桂园,245.0,东,4室2厅3卫,2200
整租·明月小区 3室1厅 南/北,越秀,五羊新城,72.0,南,3室1厅1卫,4500
整租·洲山大厦 1室1厅 东,番禺,钟村,100.0,东,1室1厅0卫,3000
整租·共和苑 2室1厅 南/北,越秀,杨箕,57.0,南,2室1厅1卫,3400
整租·南沙金茂湾 4室2厅 南/北,南沙,明珠湾,170.0,南,4室2厅3卫,5700
整租·尚河居 1室1厅 南,天河,天河南,30.0,南,1室1厅1卫,2600
整租·碧桂园豪园荔湖苑 3室2厅 北,增城,增城碧桂园,96.0,北,3室2厅1卫,1500
整租·星河湾赏心园 4室2厅 南/北,番禺,星河湾,205.0,南,4室2厅3卫,9000
整租·广州敏捷绿湖首府 3室2厅 南,增城,石滩镇,103.82,南,3室2厅2卫,1450
整租·远洋天骄 1室0厅 东南,天河,天河客运站,12.0,东,1室0厅0卫,650
整租·中怡城市花园 3室2厅 南,天河,林和,128.0,南,3室2厅1卫,9500
整租·碧桂园凤凰城凤晴苑 3室2厅 北,增城,凤凰城,117.0,北,3室2厅2卫,2200
整租·中交蓝色海湾 4室2厅 东南,南沙,南沙港,122.0,东,4室2厅2卫,3500
整租·时代倾城(中新镇) 3室1厅 南,增城,中新镇,101.47,南,3室1厅2卫,2000
整租·越秀和樾府一期 4室2厅 南,番禺,汉溪长隆,130.0,南,4室2厅2卫,11000
整租·嘉御豪庭 3室2厅 东北,增城,石滩镇,98.0,东,3室2厅1卫,1300
整租·羊城花园 2室1厅 南,天河,东圃,42.0,南,2室1厅1卫,2700
整租·岭南新世界 1室0厅 北,白云,嘉禾望岗,12.0,北,1室0厅0卫,1000
整租·海滨花园 3室2厅 西南,番禺,洛溪,89.3,西,3室2厅1卫,3200
整租·星河湾半岛三号园 4室2厅 错层 东南,番禺,厦滘,317.23,东,4室2厅4卫,34800
整租·岭南新世界 1室0厅 南,白云,嘉禾望岗,12.0,南,1室0厅0卫,1000
整租·富图花园 7室1厅 复式 东南,番禺,市桥,482.5,东,7室1厅5卫,16000
整租·建业大厦 5室2厅 复式 东南,番禺,市桥,153.0,东,5室2厅2卫,4500
整租·中交国际邮轮广场 2室2厅 东,南沙,南沙港,108.0,东,2室2厅2卫,4300
整租·侨建Hi·City 2室1厅 西,海珠,南洲,56.18,西,2室1厅2卫,6000
整租·影城花园 1室0厅 南,海珠,客村,14.0,南,1室0厅0卫,800
整租·南沙万达广场 1室0厅 南/北,南沙,金洲,50.0,南,1室0厅1卫,1700
整租·叠溪花园 3室2厅 南,增城,朱村,89.0,南,3室2厅1卫,1200
整租·龙岗路 5室1厅 东南,天河,沙河,101.78,东,5室1厅1卫,3000
整租·创基丽江国际 4室2厅 东南,增城,增城区府,186.8,东,4室2厅2卫,3800
整租·南沙金茂湾 1室1厅 东南,南沙,明珠湾,40.0,东,1室1厅1卫,1700
整租·中惠璧珑湾 4室2厅 南,南沙,南沙区府,143.0,南,4室2厅2卫,3300
整租·雅居乐剑桥汇 4室2厅 南/北,番禺,雅居乐,285.0,南,4室2厅4卫,7000
整租·华骏花园 3室2厅 西,天河,珠江新城东,153.0,西,3室2厅1卫,10000
整租·远洋天骄广场 1室1厅 东南,天河,天河客运站,46.0,东,1室1厅1卫,2500
整租·桃花路 4室3厅 复式 南,番禺,莲花山,205.67,南,4室3厅2卫,2400
整租·建设二马路 2室1厅 南,越秀,建设路,67.0,南,2室1厅1卫,3500
整租·领江壹号 1室0厅 南,海珠,客村,25.54,南,1室0厅0卫,1600
整租·小北路 2室1厅 南,越秀,小北,50.0,南,2室1厅1卫,3200
整租·广州敏捷绿湖首府 3室2厅 东北,增城,石滩镇,105.0,东,3室2厅2卫,1220
整租·方圆流花月岛 1室0厅 西,越秀,人民北,17.18,西,1室0厅0卫,4600
整租·保利中航城花园一期 3室2厅 南,增城,朱村,92.0,南,3室2厅2卫,3500
整租·锦绣银湾 1室0厅 南/北,番禺,大石,12.0,南,1室0厅0卫,850
整租·保利立方花园 4室1厅 跃层 南,增城,永宁,95.0,南,4室1厅2卫,2100
整租·奥园城市天地 1室0厅 东,番禺,汉溪长隆,35.34,东,1室0厅0卫,450
整租·顺欣花园 3室1厅 南,增城,新塘北,89.0,南,3室1厅2卫,2700
整租·凯德山海连城一期 3室2厅 南,番禺,莲花山,124.35,南,3室2厅2卫,4000
整租·景业荔都 3室2厅 北,从化,江埔街,99.0,北,3室2厅1卫,950
整租·中交蓝色海湾 4室2厅 南/北,南沙,南沙港,135.0,南,4室2厅2卫,3500
整租·中怡城市花园 3室2厅 南,天河,林和,128.0,南,3室2厅1卫,9500
整租·碧桂园凤凰城凤晴苑 3室2厅 北,增城,凤凰城,117.0,北,3室2厅2卫,2200
整租·中交蓝色海湾 4室2厅 东南,南沙,南沙港,122.0,东,4室2厅2卫,3500
整租·时代倾城(中新镇) 3室1厅 南,增城,中新镇,101.47,南,3室1厅2卫,2000
整租·越秀和樾府一期 4室2厅 南,番禺,汉溪长隆,130.0,南,4室2厅2卫,11000
整租·嘉御豪庭 3室2厅 东北,增城,石滩镇,98.0,东,3室2厅1卫,1300
整租·羊城花园 2室1厅 南,天河,东圃,42.0,南,2室1厅1卫,2700
整租·岭南新世界 1室0厅 北,白云,嘉禾望岗,12.0,北,1室0厅0卫,1000
整租·海滨花园 3室2厅 西南,番禺,洛溪,89.3,西,3室2厅1卫,3200
整租·星河湾半岛三号园 4室2厅 错层 东南,番禺,厦滘,317.23,东,4室2厅4卫,34800
整租·岭南新世界 1室0厅 南,白云,嘉禾望岗,12.0,南,1室0厅0卫,1000
整租·富图花园 7室1厅 复式 东南,番禺,市桥,482.5,东,7室1厅5卫,16000
整租·建业大厦 5室2厅 复式 东南,番禺,市桥,153.0,东,5室2厅2卫,4500
整租·中交国际邮轮广场 2室2厅 东,南沙,南沙港,108.0,东,2室2厅2卫,4300
整租·侨建Hi·City 2室1厅 西,海珠,南洲,56.18,西,2室1厅2卫,6000
整租·影城花园 1室0厅 南,海珠,客村,14.0,南,1室0厅0卫,800
整租·南沙万达广场 1室0厅 南/北,南沙,金洲,50.0,南,1室0厅1卫,1700
整租·叠溪花园 3室2厅 南,增城,朱村,89.0,南,3室2厅1卫,1200
整租·龙岗路 5室1厅 东南,天河,沙河,101.78,东,5室1厅1卫,3000
整租·创基丽江国际 4室2厅 东南,增城,增城区府,186.8,东,4室2厅2卫,3800
整租·南沙金茂湾 1室1厅 东南,南沙,明珠湾,40.0,东,1室1厅1卫,1700
整租·中怡城市花园 3室2厅 南,天河,林和,128.0,南,3室2厅1卫,9500
整租·碧桂园凤凰城凤晴苑 3室2厅 北,增城,凤凰城,117.0,北,3室2厅2卫,2200
整租·中交蓝色海湾 4室2厅 东南,南沙,南沙港,122.0,东,4室2厅2卫,3500
整租·时代倾城(中新镇) 3室1厅 南,增城,中新镇,101.47,南,3室1厅2卫,2000
整租·越秀和樾府一期 4室2厅 南,番禺,汉溪长隆,130.0,南,4室2厅2卫,11000
整租·嘉御豪庭 3室2厅 东北,增城,石滩镇,98.0,东,3室2厅1卫,1300
整租·羊城花园 2室1厅 南,天河,东圃,42.0,南,2室1厅1卫,2700
整租·岭南新世界 1室0厅 北,白云,嘉禾望岗,12.0,北,1室0厅0卫,1000
整租·海滨花园 3室2厅 西南,番禺,洛溪,89.3,西,3室2厅1卫,3200
整租·星河湾半岛三号园 4室2厅 错层 东南,番禺,厦滘,317.23,东,4室2厅4卫,34800
整租·岭南新世界 1室0厅 南,白云,嘉禾望岗,12.0,南,1室0厅0卫,1000
整租·富图花园 7室1厅 复式 东南,番禺,市桥,482.5,东,7室1厅5卫,16000
整租·建业大厦 5室2厅 复式 东南,番禺,市桥,153.0,东,5室2厅2卫,4500
整租·中交国际邮轮广场 2室2厅 东,南沙,南沙港,108.0,东,2室2厅2卫,4300
整租·侨建Hi·City 2室1厅 西,海珠,南洲,56.18,西,2室1厅2卫,6000
整租·影城花园 1室0厅 南,海珠,客村,14.0,南,1室0厅0卫,800
整租·南沙万达广场 1室0厅 南/北,南沙,金洲,50.0,南,1室0厅1卫,1700
整租·叠溪花园 3室2厅 南,增城,朱村,89.0,南,3室2厅1卫,1200
整租·站前路(荔湾) 2室1厅 北,荔湾,流花站前,45.0,北,2室1厅1卫,2000
整租·中交汇通中心 1室1厅 南,南沙,明珠湾,48.0,南,1室1厅1卫,1600
整租·星河东悦湾 3室1厅 东北,南沙,黄阁,89.0,东,3室1厅2卫,3500
整租·水荫路34号大院 2室1厅 南,越秀,水荫,67.0,南,2室1厅1卫,5000
整租·美林海岸 5室2厅 南,天河,员村,268.0,南,5室2厅2卫,8500
整租·星汇城 4室2厅 东南,黄埔,知识城,104.0,东,4室2厅2卫,3500
整租·合景睿峰L7 1室0厅 东,天河,珠江新城东,15.0,东,1室0厅0卫,1000
整租·中交汇通中心 1室1厅 南,南沙,明珠湾,48.0,南,1室1厅1卫,1593
整租·亚运城运动员村四区 3室2厅 南,番禺,亚运城,138.0,南,3室2厅2卫,4100
整租·花语阳光花园 3室2厅 东南,南沙,明珠湾,120.0,东,3室2厅2卫,2400
整租·保利香雪山别墅 6室3厅 复式 南/北,黄埔,科学城,280.0,南,6室3厅6卫,23000
整租·仓边路 1室1厅 东,越秀,农讲所,60.0,东,1室1厅1卫,3500
整租·东兴楼 2室1厅 南,天河,东圃,50.0,南,2室1厅1卫,1600
整租·天健天玺 6室3厅 南,黄埔,长岭居,350.0,南,6室3厅3卫,12000
整租·建设二马路 2室1厅 南/北,越秀,建设路,78.7,南,2室1厅1卫,2800
整租·嘉裕公馆 3室2厅 西,天河,珠江新城中,152.85,西,3室2厅1卫,18000
整租·东风东路 3室1厅 东南,越秀,环市东,70.0,东,3室1厅1卫,4500
整租·广州敏捷绿湖首府 3室2厅 南,增城,石滩镇,105.77,南,3室2厅2卫,1600
整租·光大花园榕景四季 1室0厅 北,海珠,工业大道北,12.0,北,1室0厅0卫,1500
整租·中怡城市花园 3室2厅 南,天河,林和,128.0,南,3室2厅1卫,9500
合租·云景花园云桂苑 3居室 东卧,白云,京溪,14.0,东,3室1厅1卫,1816
整租·碧桂园凤凰城凤晴苑 3室2厅 北,增城,凤凰城,117.0,北,3室2厅2卫,2200
合租·岭南新世界 3居室 西卧,白云,嘉禾望岗,8.65,西,3室1厅1卫,1459
合租·帝景苑 4居室 南卧,天河,龙口西,12.0,南,4室1厅2卫,2824
整租·中交蓝色海湾 4室2厅 东南,南沙,南沙港,122.0,东,4室2厅2卫,3500
整租·时代倾城(中新镇) 3室1厅 南,增城,中新镇,101.47,南,3室1厅2卫,2000
整租·越秀和樾府一期 4室2厅 南,番禺,汉溪长隆,130.0,南,4室2厅2卫,11000
整租·嘉御豪庭 3室2厅 东北,增城,石滩镇,98.0,东,3室2厅1卫,1300
整租·羊城花园 2室1厅 南,天河,东圃,42.0,南,2室1厅1卫,2700
合租·德荣小区 4居室 北卧,天河,龙口西,8.2,北,4室1厅1卫,1487
整租·岭南新世界 1室0厅 北,白云,嘉禾望岗,12.0,北,1室0厅0卫,1000
整租·海滨花园 3室2厅 西南,番禺,洛溪,89.3,西,3室2厅1卫,3200
合租·骏景花园 3居室 北卧,天河,棠下,9.5,北,3室1厅1卫,1487
合租·东方名都花园 4居室 东卧,增城,白江,8.4,东,4室1厅1卫,934
整租·星河湾半岛三号园 4室2厅 错层 东南,番禺,厦滘,317.23,东,4室2厅4卫,34800
整租·岭南新世界 1室0厅 南,白云,嘉禾望岗,12.0,南,1室0厅0卫,1000
整租·富图花园 7室1厅 复式 东南,番禺,市桥,482.5,东,7室1厅5卫,16000
整租·建业大厦 5室2厅 复式 东南,番禺,市桥,153.0,东,5室2厅2卫,4500
合租·会展世界城 4居室 北卧,海珠,琶洲东,13.63,北,4室2厅2卫,2089
合租·富力现代广场 4居室 西卧,海珠,工业大道北,14.1,西,4室1厅2卫,1879
整租·中交国际邮轮广场 2室2厅 东,南沙,南沙港,108.0,东,2室2厅2卫,4300
合租·云裳丽影 4居室 西南卧,白云,同和,7.0,西,4室1厅2卫,1249
合租·富力御龙庭 4居室 南卧,越秀,淘金,7.58,南,4室1厅2卫,1711
合租·碧海湾 5居室 南卧,天河,珠江新城西,22.63,南,5室1厅2卫,3139
整租·侨建Hi·City 2室1厅 西,海珠,南洲,56.18,西,2室1厅2卫,6000
整租·影城花园 1室0厅 南,海珠,客村,14.0,南,1室0厅0卫,800
合租·文冲新村四期 4居室 南卧,黄埔,文冲,14.1,南,4室1厅2卫,1965
整租·南沙万达广场 1室0厅 南/北,南沙,金洲,50.0,南,1室0厅1卫,1700
合租·文冲新村四期 4居室 北卧,黄埔,文冲,8.3,北,4室1厅2卫,1249
title,area,detailplace,square,position,roomtype,price
整租·中怡城市花园 3室2厅 南,天河,林和,128.0,南,3室2厅1卫,9500
整租·碧桂园凤凰城凤晴苑 3室2厅 北,增城,凤凰城,117.0,北,3室2厅2卫,2200
整租·中交蓝色海湾 4室2厅 东南,南沙,南沙港,122.0,东,4室2厅2卫,3500
整租·时代倾城(中新镇) 3室1厅 南,增城,中新镇,101.47,南,3室1厅2卫,2000
整租·越秀和樾府一期 4室2厅 南,番禺,汉溪长隆,130.0,南,4室2厅2卫,11000
整租·嘉御豪庭 3室2厅 东北,增城,石滩镇,98.0,东,3室2厅1卫,1300
整租·羊城花园 2室1厅 南,天河,东圃,42.0,南,2室1厅1卫,2700
整租·岭南新世界 1室0厅 北,白云,嘉禾望岗,12.0,北,1室0厅0卫,1000
整租·海滨花园 3室2厅 西南,番禺,洛溪,89.3,西,3室2厅1卫,3200
整租·星河湾半岛三号园 4室2厅 错层 东南,番禺,厦滘,317.23,东,4室2厅4卫,34800
整租·岭南新世界 1室0厅 南,白云,嘉禾望岗,12.0,南,1室0厅0卫,1000
整租·富图花园 7室1厅 复式 东南,番禺,市桥,482.5,东,7室1厅5卫,16000
整租·建业大厦 5室2厅 复式 东南,番禺,市桥,153.0,东,5室2厅2卫,4500
整租·中交国际邮轮广场 2室2厅 东,南沙,南沙港,108.0,东,2室2厅2卫,4300
整租·侨建Hi·City 2室1厅 西,海珠,南洲,56.18,西,2室1厅2卫,6000
整租·影城花园 1室0厅 南,海珠,客村,14.0,南,1室0厅0卫,800
整租·南沙万达广场 1室0厅 南/北,南沙,金洲,50.0,南,1室0厅1卫,1700
整租·叠溪花园 3室2厅 南,增城,朱村,89.0,南,3室2厅1卫,1200
整租·龙岗路 5室1厅 东南,天河,沙河,101.78,东,5室1厅1卫,3000
整租·创基丽江国际 4室2厅 东南,增城,增城区府,186.8,东,4室2厅2卫,3800
整租·南沙金茂湾 1室1厅 东南,南沙,明珠湾,40.0,东,1室1厅1卫,1700
合租·新世界东逸花园 4居室 北卧,天河,天河公园,11.6,北,4室1厅2卫,2929
整租·中怡城市花园 3室2厅 南,天河,林和,128.0,南,3室2厅1卫,9500
合租·中怡城市花园 3居室 南卧,天河,林和,21.3,南,3室1厅2卫,2898
合租·保利心语 4居室 北卧,天河,珠江新城中,15.8,北,4室1厅2卫,2990
整租·碧桂园凤凰城凤晴苑 3室2厅 北,增城,凤凰城,117.0,北,3室2厅2卫,2200
合租·第二金碧花园 3居室 西卧,海珠,金碧,8.43,西,3室1厅1卫,1711
整租·中交蓝色海湾 4室2厅 东南,南沙,南沙港,122.0,东,4室2厅2卫,3500
合租·第二金碧花园 4居室 南卧,海珠,金碧,5.8,南,4室1厅1卫,1081
合租·黄埔中央城 4居室 南卧,黄埔,香雪,14.0,南,4室1厅2卫,1984
整租·时代倾城(中新镇) 3室1厅 南,增城,中新镇,101.47,南,3室1厅2卫,2000
合租·品秀星樾 4居室 北卧,黄埔,香雪,14.04,北,4室1厅2卫,1459
整租·越秀和樾府一期 4室2厅 南,番禺,汉溪长隆,130.0,南,4室2厅2卫,11000
合租·洛涛南区 4居室 东北卧,番禺,洛溪,13.3,东,4室1厅1卫,1428
合租·骏景花园 4居室 南卧,天河,棠下,21.6,南,4室1厅2卫,2299
整租·嘉御豪庭 3室2厅 东北,增城,石滩镇,98.0,东,3室2厅1卫,1300
合租·小新塘大未来 5居室 南卧,天河,智慧城,8.0,南,5室1厅2卫,1501
整租·羊城花园 2室1厅 南,天河,东圃,42.0,南,2室1厅1卫,2700
整租·岭南新世界 1室0厅 北,白云,嘉禾望岗,12.0,北,1室0厅0卫,1000
合租·萝岗和苑 5居室 北卧,黄埔,科学城,6.6,北,5室1厅2卫,1113
整租·海滨花园 3室2厅 西南,番禺,洛溪,89.3,西,3室2厅1卫,3200
整租·星河湾半岛三号园 4室2厅 错层 东南,番禺,厦滘,317.23,东,4室2厅4卫,34800
整租·岭南新世界 1室0厅 南,白云,嘉禾望岗,12.0,南,1室0厅0卫,1000
整租·富图花园 7室1厅 复式 东南,番禺,市桥,482.5,东,7室1厅5卫,16000
合租·洛湖居 4居室 北卧,番禺,洛溪,7.4,北,4室1厅1卫,1081
整租·建业大厦 5室2厅 复式 东南,番禺,市桥,153.0,东,5室2厅2卫,4500
整租·中交国际邮轮广场 2室2厅 东,南沙,南沙港,108.0,东,2室2厅2卫,4300
整租·侨建Hi·City 2室1厅 西,海珠,南洲,56.18,西,2室1厅2卫,6000
合租·纵横公寓 4居室 北卧,海珠,赤岗,15.0,北,4室1厅2卫,2971
合租·星汇湾花园 2居室 南卧,海珠,工业大道中,16.1,南,2室1厅2卫,2761
整租·影城花园 1室0厅 南,海珠,客村,14.0,南,1室0厅0卫,800
整租·中怡城市花园 3室2厅 南,天河,林和,128.0,南,3室2厅1卫,9500
整租·碧桂园凤凰城凤晴苑 3室2厅 北,增城,凤凰城,117.0,北,3室2厅2卫,2200
整租·中交蓝色海湾 4室2厅 东南,南沙,南沙港,122.0,东,4室2厅2卫,3500
整租·时代倾城(中新镇) 3室1厅 南,增城,中新镇,101.47,南,3室1厅2卫,2000
整租·越秀和樾府一期 4室2厅 南,番禺,汉溪长隆,130.0,南,4室2厅2卫,11000
整租·嘉御豪庭 3室2厅 东北,增城,石滩镇,98.0,东,3室2厅1卫,1300
整租·羊城花园 2室1厅 南,天河,东圃,42.0,南,2室1厅1卫,2700
整租·岭南新世界 1室0厅 北,白云,嘉禾望岗,12.0,北,1室0厅0卫,1000
整租·海滨花园 3室2厅 西南,番禺,洛溪,89.3,西,3室2厅1卫,3200
整租·星河湾半岛三号园 4室2厅 错层 东南,番禺,厦滘,317.23,东,4室2厅4卫,34800
合租·云景花园云桂苑 3居室 东卧,白云,京溪,14.0,东,3室1厅1卫,1816
整租·岭南新世界 1室0厅 南,白云,嘉禾望岗,12.0,南,1室0厅0卫,1000
合租·岭南新世界 3居室 西卧,白云,嘉禾望岗,8.65,西,3室1厅1卫,1459
整租·富图花园 7室1厅 复式 东南,番禺,市桥,482.5,东,7室1厅5卫,16000
合租·帝景苑 4居室 南卧,天河,龙口西,12.0,南,4室1厅2卫,2824
整租·建业大厦 5室2厅 复式 东南,番禺,市桥,153.0,东,5室2厅2卫,4500
整租·中交国际邮轮广场 2室2厅 东,南沙,南沙港,108.0,东,2室2厅2卫,4300
合租·德荣小区 4居室 北卧,天河,龙口西,8.2,北,4室1厅1卫,1487
整租·侨建Hi·City 2室1厅 西,海珠,南洲,56.18,西,2室1厅2卫,6000
整租·影城花园 1室0厅 南,海珠,客村,14.0,南,1室0厅0卫,800
整租·南沙万达广场 1室0厅 南/北,南沙,金洲,50.0,南,1室0厅1卫,1700
合租·骏景花园 3居室 北卧,天河,棠下,9.5,北,3室1厅1卫,1487
合租·东方名都花园 4居室 东卧,增城,白江,8.4,东,4室1厅1卫,934
整租·叠溪花园 3室2厅 南,增城,朱村,89.0,南,3室2厅1卫,1200
整租·龙岗路 5室1厅 东南,天河,沙河,101.78,东,5室1厅1卫,3000
整租·创基丽江国际 4室2厅 东南,增城,增城区府,186.8,东,4室2厅2卫,3800
整租·南沙金茂湾 1室1厅 东南,南沙,明珠湾,40.0,东,1室1厅1卫,1700
整租·中惠璧珑湾 4室2厅 南,南沙,南沙区府,143.0,南,4室2厅2卫,3300
整租·海印又一城海印星玥 3室2厅 西南,番禺,万博,98.0,西,3室2厅1卫,5600
合租·会展世界城 4居室 北卧,海珠,琶洲东,13.63,北,4室2厅2卫,2089
整租·站前路(荔湾) 2室1厅 北,荔湾,流花站前,45.0,北,2室1厅1卫,2000
整租·中交汇通中心 1室1厅 南,南沙,明珠湾,48.0,南,1室1厅1卫,1600
整租·星河东悦湾 3室1厅 东北,南沙,黄阁,89.0,东,3室1厅2卫,3500
整租·水荫路34号大院 2室1厅 南,越秀,水荫,67.0,南,2室1厅1卫,5000
整租·美林海岸 5室2厅 南,天河,员村,268.0,南,5室2厅2卫,8500
整租·星汇城 4室2厅 东南,黄埔,知识城,104.0,东,4室2厅2卫,3500
整租·合景睿峰L7 1室0厅 东,天河,珠江新城东,15.0,东,1室0厅0卫,1000
整租·中交汇通中心 1室1厅 南,南沙,明珠湾,48.0,南,1室1厅1卫,1593
整租·亚运城运动员村四区 3室2厅 南,番禺,亚运城,138.0,南,3室2厅2卫,4100
整租·花语阳光花园 3室2厅 东南,南沙,明珠湾,120.0,东,3室2厅2卫,2400
整租·保利香雪山别墅 6室3厅 复式 南/北,黄埔,科学城,280.0,南,6室3厅6卫,23000
整租·仓边路 1室1厅 东,越秀,农讲所,60.0,东,1室1厅1卫,3500
整租·东兴楼 2室1厅 南,天河,东圃,50.0,南,2室1厅1卫,1600
整租·天健天玺 6室3厅 南,黄埔,长岭居,350.0,南,6室3厅3卫,12000
整租·建设二马路 2室1厅 南/北,越秀,建设路,78.7,南,2室1厅1卫,2800
整租·嘉裕公馆 3室2厅 西,天河,珠江新城中,152.85,西,3室2厅1卫,18000
整租·东风东路 3室1厅 东南,越秀,环市东,70.0,东,3室1厅1卫,4500
合租·辉洋苑 3居室 东卧,荔湾,黄沙,14.4,东,3室1厅1卫,1558
整租·紫茗花园 3室2厅 东,南沙,进港大道,107.0,东,3室2厅1卫,1450
整租·星河山海湾 4室2厅 南/北,南沙,南沙港,112.0,南,4室2厅2卫,3200
整租·逸翠庄园 5室2厅 复式 北,增城,荔城西区,279.0,北,5室2厅4卫,4000
整租·岳洲路 2室1厅 东,天河,五山,65.0,东,2室1厅1卫,2000
合租·岭南新世界 4居室 北卧,白云,嘉禾望岗,9.03,北,4室1厅2卫,1249
整租·敏捷御峰国际 2室2厅 南,番禺,会江,58.8,南,2室2厅2卫,3690
合租·金域蓝湾 5居室 东卧,白云,金沙洲,7.24,东,5室1厅2卫,1008
合租·怡乐园(番禺) 5居室 北卧,番禺,市桥,11.07,北,5室1厅2卫,1113
整租·佳兆业悦江府 3室2厅 东南,南沙,明珠湾,100.0,东,3室2厅2卫,2300
整租·雅居乐花园时光九篇 4室2厅 东南/西南,番禺,雅居乐,169.22,东,4室2厅2卫,5500
合租·南国奥园 4居室 北卧,番禺,汉溪长隆,14.2,北,4室1厅2卫,1921
合租·中海康城 4居室 北卧,天河,黄村,13.0,北,4室1厅1卫,1638
合租·新世界逸彩庭园 4居室 东卧,荔湾,滘口,6.46,东,4室1厅2卫,1081
合租·新世界逸彩庭园 4居室 南卧,荔湾,滘口,12.1,南,4室1厅1卫,1396
整租·星河山海湾 3室2厅 东北,南沙,南沙港,125.0,东,3室2厅1卫,3500
整租·越秀滨海隽城 3室2厅 南,南沙,金洲,120.0,南,3室2厅2卫,2800
整租·天诚广场 2室2厅 南,天河,天润路,100.0,南,2室2厅2卫,5800
合租·暨南花园 4居室 北卧,天河,石牌,11.1,北,4室1厅2卫,2236
整租·泰景花园东城华庭 3室2厅 南/北,黄埔,黄埔区府,99.0,南,3室2厅1卫,4500
合租·怡乐园(番禺) 5居室 东卧,番禺,市桥,16.71,东,5室1厅2卫,1186
整租·碧桂园豪园湖心苑 4室2厅 复式 东南,增城,增城碧桂园,245.0,东,4室2厅3卫,2200
整租·明月小区 3室1厅 南/北,越秀,五羊新城,72.0,南,3室1厅1卫,4500
整租·洲山大厦 1室1厅 东,番禺,钟村,100.0,东,1室1厅0卫,3000
合租·先烈中路81号大院 5居室 南卧,越秀,黄花岗,19.21,南,5室1厅2卫,2058
整租·共和苑 2室1厅 南/北,越秀,杨箕,57.0,南,2室1厅1卫,3400
合租·奥园香雪华府 4居室 南卧,黄埔,香雪,12.0,南,4室1厅2卫,1606
合租·翠湖山庄 4居室 北卧,天河,天河公园,7.44,北,4室1厅2卫,1564
整租·南沙金茂湾 4室2厅 南/北,南沙,明珠湾,170.0,南,4室2厅3卫,5700
合租·光大花园榕岸 4居室 东卧,海珠,工业大道北,9.0,东,4室1厅2卫,1501
整租·紫茗花园 3室2厅 东,南沙,进港大道,107.0,东,3室2厅1卫,1450
整租·星河山海湾 4室2厅 南/北,南沙,南沙港,112.0,南,4室2厅2卫,3200
整租·逸翠庄园 5室2厅 复式 北,增城,荔城西区,279.0,北,5室2厅4卫,4000
整租·岳洲路 2室1厅 东,天河,五山,65.0,东,2室1厅1卫,2000
整租·敏捷御峰国际 2室2厅 南,番禺,会江,58.8,南,2室2厅2卫,3690
整租·佳兆业悦江府 3室2厅 东南,南沙,明珠湾,100.0,东,3室2厅2卫,2300
整租·雅居乐花园时光九篇 4室2厅 东南/西南,番禺,雅居乐,169.22,东,4室2厅2卫,5500
整租·星河山海湾 3室2厅 东北,南沙,南沙港,125.0,东,3室2厅1卫,3500
整租·越秀滨海隽城 3室2厅 南,南沙,金洲,120.0,南,3室2厅2卫,2800
整租·天诚广场 2室2厅 南,天河,天润路,100.0,南,2室2厅2卫,5800
整租·泰景花园东城华庭 3室2厅 南/北,黄埔,黄埔区府,99.0,南,3室2厅1卫,4500
整租·碧桂园豪园湖心苑 4室2厅 复式 东南,增城,增城碧桂园,245.0,东,4室2厅3卫,2200
整租·明月小区 3室1厅 南/北,越秀,五羊新城,72.0,南,3室1厅1卫,4500
整租·洲山大厦 1室1厅 东,番禺,钟村,100.0,东,1室1厅0卫,3000
整租·共和苑 2室1厅 南/北,越秀,杨箕,57.0,南,2室1厅1卫,3400
整租·南沙金茂湾 4室2厅 南/北,南沙,明珠湾,170.0,南,4室2厅3卫,5700
整租·尚河居 1室1厅 南,天河,天河南,30.0,南,1室1厅1卫,2600
整租·碧桂园豪园荔湖苑 3室2厅 北,增城,增城碧桂园,96.0,北,3室2厅1卫,1500
整租·星河湾赏心园 4室2厅 南/北,番禺,星河湾,205.0,南,4室2厅3卫,9000
整租·广州敏捷绿湖首府 3室2厅 南,增城,石滩镇,103.82,南,3室2厅2卫,1450
整租·远洋天骄 1室0厅 东南,天河,天河客运站,12.0,东,1室0厅0卫,650
整租·紫茗花园 3室2厅 东,南沙,进港大道,107.0,东,3室2厅1卫,1450
整租·星河山海湾 4室2厅 南/北,南沙,南沙港,112.0,南,4室2厅2卫,3200
整租·逸翠庄园 5室2厅 复式 北,增城,荔城西区,279.0,北,5室2厅4卫,4000
整租·岳洲路 2室1厅 东,天河,五山,65.0,东,2室1厅1卫,2000
整租·敏捷御峰国际 2室2厅 南,番禺,会江,58.8,南,2室2厅2卫,3690
整租·佳兆业悦江府 3室2厅 东南,南沙,明珠湾,100.0,东,3室2厅2卫,2300
整租·雅居乐花园时光九篇 4室2厅 东南/西南,番禺,雅居乐,169.22,东,4室2厅2卫,5500
整租·星河山海湾 3室2厅 东北,南沙,南沙港,125.0,东,3室2厅1卫,3500
整租·越秀滨海隽城 3室2厅 南,南沙,金洲,120.0,南,3室2厅2卫,2800
整租·天诚广场 2室2厅 南,天河,天润路,100.0,南,2室2厅2卫,5800
整租·泰景花园东城华庭 3室2厅 南/北,黄埔,黄埔区府,99.0,南,3室2厅1卫,4500
整租·碧桂园豪园湖心苑 4室2厅 复式 东南,增城,增城碧桂园,245.0,东,4室2厅3卫,2200
整租·明月小区 3室1厅 南/北,越秀,五羊新城,72.0,南,3室1厅1卫,4500
整租·洲山大厦 1室1厅 东,番禺,钟村,100.0,东,1室1厅0卫,3000
整租·共和苑 2室1厅 南/北,越秀,杨箕,57.0,南,2室1厅1卫,3400
整租·南沙金茂湾 4室2厅 南/北,南沙,明珠湾,170.0,南,4室2厅3卫,5700
整租·尚河居 1室1厅 南,天河,天河南,30.0,南,1室1厅1卫,2600
整租·碧桂园豪园荔湖苑 3室2厅 北,增城,增城碧桂园,96.0,北,3室2厅1卫,1500
整租·星河湾赏心园 4室2厅 南/北,番禺,星河湾,205.0,南,4室2厅3卫,9000
整租·广州敏捷绿湖首府 3室2厅 南,增城,石滩镇,103.82,南,3室2厅2卫,1450
整租·远洋天骄 1室0厅 东南,天河,天河客运站,12.0,东,1室0厅0卫,650
整租·越秀岭南雅筑 1室0厅 南,黄埔,香雪,13.0,南,1室0厅0卫,450
整租·叠溪花园 3室2厅 东南,增城,朱村,85.0,东,3室2厅1卫,1200
整租·暨南大学宿舍 2室1厅 南/北,天河,石牌,58.0,南,2室1厅1卫,4500
整租·先烈中路 3室2厅 东南,越秀,黄花岗,121.65,东,3室2厅1卫,4000
整租·万科柏悦湾 1室0厅 南/北,荔湾,大坦沙,13.34,南,1室0厅0卫,1100
整租·新河浦路 2室1厅 东,越秀,东山口,56.0,东,2室1厅1卫,4600
整租·雅居乐剑桥汇 4室2厅 南/北,番禺,雅居乐,285.0,南,4室2厅4卫,7000
整租·华骏花园 3室2厅 西,天河,珠江新城东,153.0,西,3室2厅1卫,10000
整租·远洋天骄广场 1室1厅 东南,天河,天河客运站,46.0,东,1室1厅1卫,2500
整租·桃花路 4室3厅 复式 南,番禺,莲花山,205.67,南,4室3厅2卫,2400
整租·建设二马路 2室1厅 南,越秀,建设路,67.0,南,2室1厅1卫,3500
整租·领江壹号 1室0厅 南,海珠,客村,25.54,南,1室0厅0卫,1600
合租·辉洋苑 3居室 东卧,荔湾,黄沙,14.4,东,3室1厅1卫,1558
整租·小北路 2室1厅 南,越秀,小北,50.0,南,2室1厅1卫,3200
整租·广州敏捷绿湖首府 3室2厅 东北,增城,石滩镇,105.0,东,3室2厅2卫,1220
整租·方圆流花月岛 1室0厅 西,越秀,人民北,17.18,西,1室0厅0卫,4600
整租·保利中航城花园一期 3室2厅 南,增城,朱村,92.0,南,3室2厅2卫,3500
合租·南国奥园 4居室 北卧,番禺,汉溪长隆,14.2,北,4室1厅2卫,1921
整租·锦绣银湾 1室0厅 南/北,番禺,大石,12.0,南,1室0厅0卫,850
整租·保利立方花园 4室1厅 跃层 南,增城,永宁,95.0,南,4室1厅2卫,2100
整租·奥园城市天地 1室0厅 东,番禺,汉溪长隆,35.34,东,1室0厅0卫,450
合租·中海康城 4居室 北卧,天河,黄村,13.0,北,4室1厅1卫,1638
整租·顺欣花园 3室1厅 南,增城,新塘北,89.0,南,3室1厅2卫,2700
合租·新世界逸彩庭园 4居室 东卧,荔湾,滘口,6.46,东,4室1厅2卫,1081
整租·凯德山海连城一期 3室2厅 南,番禺,莲花山,124.35,南,3室2厅2卫,4000
整租·景业荔都 3室2厅 北,从化,江埔街,99.0,北,3室2厅1卫,950
合租·新世界逸彩庭园 4居室 南卧,荔湾,滘口,12.1,南,4室1厅1卫,1396
整租·中交蓝色海湾 4室2厅 南/北,南沙,南沙港,135.0,南,4室2厅2卫,3500
整租·粤海丽江花园 4室1厅 南,天河,珠江新城东,197.0,南,4室1厅1卫,20000
整租·中交国际邮轮广场 3室2厅 北,南沙,南沙港,70.0,北,3室2厅1卫,4800
整租·领南星河荣誉 4室2厅 东南,南沙,南沙港,120.0,东,4室2厅2卫,3500
整租·中新里 3室2厅 东南,黄埔,知识城,106.0,东,3室2厅2卫,3000
整租·华乐大厦 2室1厅 东南,越秀,建设路,50.0,东,2室1厅1卫,3625
合租·暨南花园 4居室 北卧,天河,石牌,11.1,北,4室1厅2卫,2236
整租·碧桂园天玺湾 3室2厅 北,南沙,进港大道,98.0,北,3室2厅2卫,1800
整租·大华东郡府 3室2厅 南,增城,朱村,88.15,南,3室2厅2卫,1800
整租·中怡城市花园 3室2厅 南,天河,林和,128.0,南,3室2厅1卫,9500
整租·碧桂园凤凰城凤晴苑 3室2厅 北,增城,凤凰城,117.0,北,3室2厅2卫,2200
整租·中交蓝色海湾 4室2厅 东南,南沙,南沙港,122.0,东,4室2厅2卫,3500
整租·时代倾城(中新镇) 3室1厅 南,增城,中新镇,101.47,南,3室1厅2卫,2000
整租·越秀和樾府一期 4室2厅 南,番禺,汉溪长隆,130.0,南,4室2厅2卫,11000
整租·嘉御豪庭 3室2厅 东北,增城,石滩镇,98.0,东,3室2厅1卫,1300
整租·羊城花园 2室1厅 南,天河,东圃,42.0,南,2室1厅1卫,2700
整租·岭南新世界 1室0厅 北,白云,嘉禾望岗,12.0,北,1室0厅0卫,1000
整租·海滨花园 3室2厅 西南,番禺,洛溪,89.3,西,3室2厅1卫,3200
整租·星河湾半岛三号园 4室2厅 错层 东南,番禺,厦滘,317.23,东,4室2厅4卫,34800
整租·岭南新世界 1室0厅 南,白云,嘉禾望岗,12.0,南,1室0厅0卫,1000
整租·富图花园 7室1厅 复式 东南,番禺,市桥,482.5,东,7室1厅5卫,16000
整租·建业大厦 5室2厅 复式 东南,番禺,市桥,153.0,东,5室2厅2卫,4500
整租·中交国际邮轮广场 2室2厅 东,南沙,南沙港,108.0,东,2室2厅2卫,4300
整租·侨建Hi·City 2室1厅 西,海珠,南洲,56.18,西,2室1厅2卫,6000
整租·影城花园 1室0厅 南,海珠,客村,14.0,南,1室0厅0卫,800
整租·南沙万达广场 1室0厅 南/北,南沙,金洲,50.0,南,1室0厅1卫,1700
整租·叠溪花园 3室2厅 南,增城,朱村,89.0,南,3室2厅1卫,1200
整租·中怡城市花园 3室2厅 南,天河,林和,128.0,南,3室2厅1卫,9500
合租·保利心语 4居室 北卧,天河,珠江新城中,15.8,北,4室1厅2卫,2990
整租·碧桂园凤凰城凤晴苑 3室2厅 北,增城,凤凰城,117.0,北,3室2厅2卫,2200
整租·中交蓝色海湾 4室2厅 东南,南沙,南沙港,122.0,东,4室2厅2卫,3500
整租·时代倾城(中新镇) 3室1厅 南,增城,中新镇,101.47,南,3室1厅2卫,2000
合租·第二金碧花园 3居室 西卧,海珠,金碧,8.43,西,3室1厅1卫,1711
整租·越秀和樾府一期 4室2厅 南,番禺,汉溪长隆,130.0,南,4室2厅2卫,11000
整租·嘉御豪庭 3室2厅 东北,增城,石滩镇,98.0,东,3室2厅1卫,1300
整租·羊城花园 2室1厅 南,天河,东圃,42.0,南,2室1厅1卫,2700
整租·岭南新世界 1室0厅 北,白云,嘉禾望岗,12.0,北,1室0厅0卫,1000
整租·海滨花园 3室2厅 西南,番禺,洛溪,89.3,西,3室2厅1卫,3200
合租·第二金碧花园 4居室 南卧,海珠,金碧,5.8,南,4室1厅1卫,1081
整租·星河湾半岛三号园 4室2厅 错层 东南,番禺,厦滘,317.23,东,4室2厅4卫,34800
整租·岭南新世界 1室0厅 南,白云,嘉禾望岗,12.0,南,1室0厅0卫,1000
合租·黄埔中央城 4居室 南卧,黄埔,香雪,14.0,南,4室1厅2卫,1984
整租·富图花园 7室1厅 复式 东南,番禺,市桥,482.5,东,7室1厅5卫,16000
整租·建业大厦 5室2厅 复式 东南,番禺,市桥,153.0,东,5室2厅2卫,4500
合租·品秀星樾 4居室 北卧,黄埔,香雪,14.04,北,4室1厅2卫,1459
整租·中交国际邮轮广场 2室2厅 东,南沙,南沙港,108.0,东,2室2厅2卫,4300
整租·侨建Hi·City 2室1厅 西,海珠,南洲,56.18,西,2室1厅2卫,6000
合租·洛涛南区 4居室 东北卧,番禺,洛溪,13.3,东,4室1厅1卫,1428
合租·骏景花园 4居室 南卧,天河,棠下,21.6,南,4室1厅2卫,2299
合租·小新塘大未来 5居室 南卧,天河,智慧城,8.0,南,5室1厅2卫,1501
整租·影城花园 1室0厅 南,海珠,客村,14.0,南,1室0厅0卫,800
整租·南沙万达广场 1室0厅 南/北,南沙,金洲,50.0,南,1室0厅1卫,1700
整租·叠溪花园 3室2厅 南,增城,朱村,89.0,南,3室2厅1卫,1200
整租·龙岗路 5室1厅 东南,天河,沙河,101.78,东,5室1厅1卫,3000
合租·萝岗和苑 5居室 北卧,黄埔,科学城,6.6,北,5室1厅2卫,1113
整租·创基丽江国际 4室2厅 东南,增城,增城区府,186.8,东,4室2厅2卫,3800
整租·南沙金茂湾 1室1厅 东南,南沙,明珠湾,40.0,东,1室1厅1卫,1700
title,area,detailplace,square,position,roomtype,price
整租·尚峰酒店公寓 2室1厅 东南,越秀,公园前,88.0,东,2室1厅2卫,5800
整租·岭南新世界 1室0厅 东,白云,嘉禾望岗,12.0,东,1室0厅0卫,1000
整租·合景天峻 1室0厅 西北,黄埔,知识城,40.0,西,1室0厅0卫,1000
整租·金道花园 1室1厅 北,荔湾,鹤洞,36.0,北,1室1厅1卫,3500
整租·北丽园 2室2厅 南,番禺,市桥,66.0,南,2室2厅1卫,2500
整租·帝景山庄 8室3厅 复式 东南,天河,黄村,372.03,东,8室3厅4卫,55000
整租·中交港湾国际 1室1厅 东,黄埔,黄埔区府,54.0,东,1室1厅1卫,1900
整租·保利中航城二期 4室2厅 复式 南,增城,朱村,109.0,南,4室2厅2卫,2000
整租·丽景湾 3室2厅 东北,海珠,滨江东,126.0,东,3室2厅1卫,8500
整租·越秀明珠天悦江湾 3室2厅 复式 东南/南,南沙,明珠湾,98.0,东,3室2厅3卫,2500
整租·万科海上明月 3室2厅 东南,南沙,黄阁,81.0,东,3室2厅2卫,1800
整租·新福港鼎峰 4室2厅 南,黄埔,科学城,140.0,南,4室2厅2卫,8500
整租·广州敏捷绿湖首府 3室2厅 南,增城,石滩镇,106.74,南,3室2厅2卫,1000
整租·敏捷绿湖首府一期 3室2厅 南,增城,石滩镇,120.0,南,3室2厅2卫,1124
整租·信业悦都荟 2室2厅 南,番禺,市桥北,48.0,南,2室2厅1卫,3500
整租·富力半岛 0室1厅 东南,白云,罗冲围,14.0,东,,830
整租·颐和四季公馆 2室1厅 南,天河,粤垦,90.27,南,2室1厅1卫,5300
整租·EBC公寓 1室0厅 南/北,番禺,番禺客运站,34.0,南,1室0厅1卫,1700
整租·中交汇通中心 1室1厅 南,南沙,明珠湾,81.0,南,1室1厅1卫,2000
整租·东风东路 3室1厅 东南,越秀,环市东,100.0,东,3室1厅1卫,4500
整租·翠拥华庭二期 1室1厅 南,番禺,东怡新区,40.0,南,1室1厅1卫,1500
整租·方圆明月山溪 1室0厅 南,从化,温泉镇,45.0,南,1室0厅1卫,800
整租·愉景南苑 1室0厅 东/南,海珠,新港西,12.0,东,1室0厅0卫,1200
整租·龙津西路 3室1厅 东南,荔湾,西关,100.0,东,3室1厅1卫,2600
title,area,detailplace,square,position,roomtype,price
整租·烟墩路 2室1厅 南,越秀,东山口,50.0,南,2室1厅1卫,4000
整租·晓港西马路 2室1厅 南,海珠,昌岗,50.0,南,2室1厅1卫,3000
整租·侨诚花园 3室2厅 东南,海珠,东晓南,90.0,东,3室2厅1卫,3300
整租·君华香柏广场 1室0厅 南,白云,京溪,12.0,南,1室0厅0卫,1000
整租·时代江岸花园 4室2厅 南,海珠,工业大道南,192.0,南,4室2厅3卫,24000
整租·领南星河荣誉 3室2厅 东南,南沙,南沙港,97.0,东,3室2厅2卫,1800
整租·奥园城市天地 1室1厅 南,番禺,汉溪长隆,48.0,南,1室1厅1卫,8000
整租·奥园城市天地 1室1厅 南,番禺,汉溪长隆,48.0,南,1室1厅1卫,8000
整租·南北广场 1室1厅 西南,海珠,宝岗,38.0,西,1室1厅1卫,1950
整租·人民中路 2室1厅 东,越秀,人民路,40.0,东,2室1厅1卫,2900
整租·琶洲新村公寓 1室0厅 南,海珠,琶洲东,38.0,南,1室0厅1卫,3900
整租·白云堡豪苑 7室3厅 东南,白云,永泰,413.0,东,7室3厅6卫,20000
整租·敏捷上品公馆 2室1厅 复式 南,番禺,金山谷,58.0,南,2室1厅1卫,3000
整租·新景豪庭 2室2厅 南,增城,白江,80.41,南,2室2厅1卫,800
整租·奥园康威广场 2室1厅 南,增城,新塘北,51.0,南,2室1厅1卫,1600
整租·小北路 1室1厅 南/北,越秀,小北,33.0,南,1室1厅1卫,2300
整租·南航花园 3室2厅 南,花都,新区,127.0,南,3室2厅1卫,3300
整租·南沙碧桂园 3室2厅 错层 东南,南沙,金洲,129.0,东,3室2厅2卫,2300
整租·城投·首筑花园 3室2厅 南,南沙,横沥,120.0,南,3室2厅2卫,2200
整租·碧桂园海湾1号 3室2厅 南,南沙,南沙港,97.0,南,3室2厅2卫,1600
整租·归谷科技园 1室1厅 南,黄埔,科学城,58.0,南,1室1厅1卫,3200
整租·翠雅苑 2室1厅 西北,天河,林和,72.0,西,2室1厅1卫,3300
整租·粮所小区 4室2厅 南/北,花都,旧区,113.0,南,4室2厅1卫,1100
整租·西湾路 2室1厅 南,荔湾,西村,50.0,南,2室1厅1卫,2700
整租·文明路 1室1厅 南,越秀,农讲所,76.0,南,1室1厅1卫,9500
合租·保利大都汇 4居室 东南卧,番禺,汉溪长隆,25.0,东,4室0厅0卫,2000
整租·碧桂园凤凰城凤晴苑 2室2厅 南,增城,凤凰城,80.0,南,2室2厅1卫,2200
整租·新世界天逸 1室0厅 南,天河,天河公园,12.0,南,1室0厅0卫,1200
整租·万科金域华庭 2室1厅 东南,海珠,同福,68.0,东,2室1厅1卫,3500
整租·保利东江首府 8室3厅 复式 东/东南,增城,新塘南,248.0,东,8室3厅6卫,20000
整租·越秀滨海御城 3室2厅 南/北,南沙,金洲,104.49,南,3室2厅2卫,2600
整租·合景睿峰L7 3室1厅 西南,天河,珠江新城东,109.0,西,3室1厅1卫,12600
整租·东华西路 3室1厅 东,越秀,东川路,80.0,东,3室1厅1卫,4200
整租·十三甫路 1室0厅 西,荔湾,和平西,30.0,西,1室0厅1卫,1400
整租·富力盈丰大厦 1室1厅 南,天河,珠江新城西,55.0,南,1室1厅2卫,5500
整租·嘉裕礼顿阳光 1室0厅 北,天河,珠江新城西,39.0,北,1室0厅1卫,3500
整租·奥园城市天地 1室1厅 西南,番禺,汉溪长隆,46.0,西,1室1厅1卫,2800
整租·雅致花园 0室0厅 东,海珠,江燕路,12.0,东,,900
整租·白云明珠广场 2室1厅 东南,白云,新市,68.0,东,2室1厅1卫,2800
整租·星河江堤春晓 3室2厅 北,南沙,明珠湾,100.0,北,3室2厅2卫,3500
整租·广州足球公园 3室2厅 东,番禺,钟村,85.0,东,3室2厅2卫,4000
整租·广州足球公园 3室2厅 东,番禺,钟村,85.0,东,3室2厅2卫,4200
整租·珠光新城国际中心 1室1厅 南,天河,珠江新城东,37.0,南,1室1厅1卫,4800
整租·颐和四季公馆 1室0厅 北,天河,粤垦,50.0,北,1室0厅1卫,3500
整租·阳光城丽景半岛 4室2厅 南/北,南沙,进港大道,119.0,南,4室2厅2卫,2500
整租·芳华花园洛涛居北区 3室1厅 北,番禺,洛溪,75.0,北,3室1厅1卫,3500
整租·明月小区 2室1厅 南/北,越秀,五羊新城,50.0,南,2室1厅1卫,3000
整租·广州奥林匹克花园 2室1厅 错层 南,番禺,洛溪,74.0,南,2室1厅1卫,3100
整租·番禺万达广场 2室1厅 东,番禺,万博,230.0,东,2室1厅0卫,16000
整租·暨南大学宿舍 1室1厅 南,天河,石牌,40.0,南,1室1厅1卫,3600
整租·珠光新城御景二期 3室2厅 南/北,天河,珠江新城东,119.73,南,3室2厅2卫,13000
合租·万科海上传奇 2居室 西南卧,荔湾,芳村,30.0,西,2室0厅2卫,1850
整租·富力桃园 1室0厅 东南,白云,罗冲围,12.0,东,1室0厅0卫,1300
整租·花语水岸 1室0厅 东,荔湾,大坦沙,13.0,东,1室0厅0卫,600
整租·波尔多庄园 1室1厅 西南,越秀,黄花岗,48.0,西,1室1厅1卫,4000
整租·庙前西街 1室1厅 东南,越秀,东山口,35.82,东,1室1厅1卫,2500
整租·合景睿峰L7 3室1厅 北,天河,珠江新城东,114.0,北,3室1厅2卫,10000
整租·阳光城悦然府 3室2厅 东北,南沙,进港大道,87.0,东,3室2厅1卫,2300
整租·海力花园 3室2厅 南,南沙,进港大道,88.0,南,3室2厅1卫,1500
整租·同和云苑新村 3室1厅 南,白云,同和,80.0,南,3室1厅1卫,2500
整租·萝岗奥园广场 2室2厅 南,黄埔,香雪,52.0,南,2室2厅1卫,2950
整租·归谷科技园 1室1厅 南,黄埔,科学城,58.0,南,1室1厅1卫,3200
整租·翠雅苑 2室1厅 西北,天河,林和,72.0,西,2室1厅1卫,3300
整租·粮所小区 4室2厅 南/北,花都,旧区,113.0,南,4室2厅1卫,1100
整租·西湾路 2室1厅 南,荔湾,西村,50.0,南,2室1厅1卫,2700
整租·文明路 1室1厅 南,越秀,农讲所,76.0,南,1室1厅1卫,9500
合租·保利大都汇 4居室 东南卧,番禺,汉溪长隆,25.0,东,4室0厅0卫,2000
整租·碧桂园凤凰城凤晴苑 2室2厅 南,增城,凤凰城,80.0,南,2室2厅1卫,2200
整租·新世界天逸 1室0厅 南,天河,天河公园,12.0,南,1室0厅0卫,1200
整租·万科金域华庭 2室1厅 东南,海珠,同福,68.0,东,2室1厅1卫,3500
整租·保利东江首府 8室3厅 复式 东/东南,增城,新塘南,248.0,东,8室3厅6卫,20000
整租·越秀滨海御城 3室2厅 南/北,南沙,金洲,104.49,南,3室2厅2卫,2600
整租·合景睿峰L7 3室1厅 西南,天河,珠江新城东,109.0,西,3室1厅1卫,12600
整租·东华西路 3室1厅 东,越秀,东川路,80.0,东,3室1厅1卫,4200
整租·十三甫路 1室0厅 西,荔湾,和平西,30.0,西,1室0厅1卫,1400
整租·富力盈丰大厦 1室1厅 南,天河,珠江新城西,55.0,南,1室1厅2卫,5500
整租·嘉裕礼顿阳光 1室0厅 北,天河,珠江新城西,39.0,北,1室0厅1卫,3500
整租·奥园城市天地 1室1厅 西南,番禺,汉溪长隆,46.0,西,1室1厅1卫,2800
整租·雅致花园 0室0厅 东,海珠,江燕路,12.0,东,,900
整租·白云明珠广场 2室1厅 东南,白云,新市,68.0,东,2室1厅1卫,2800
整租·广州设计之都 1室1厅 东,白云,黄边,46.0,东,1室1厅1卫,2300
整租·绿城美的·晓风印月 3室2厅 南,南沙,明珠湾,103.0,南,3室2厅2卫,2400
整租·星河江堤春晓 3室2厅 北,南沙,明珠湾,100.0,北,3室2厅2卫,3500
整租·广州足球公园 3室2厅 东,番禺,钟村,85.0,东,3室2厅2卫,4000
整租·广州足球公园 3室2厅 东,番禺,钟村,85.0,东,3室2厅2卫,4200
整租·珠光新城国际中心 1室1厅 南,天河,珠江新城东,37.0,南,1室1厅1卫,4800
整租·颐和四季公馆 1室0厅 北,天河,粤垦,50.0,北,1室0厅1卫,3500
整租·阳光城丽景半岛 4室2厅 南/北,南沙,进港大道,119.0,南,4室2厅2卫,2500
整租·芳华花园洛涛居北区 3室1厅 北,番禺,洛溪,75.0,北,3室1厅1卫,3500
整租·明月小区 2室1厅 南/北,越秀,五羊新城,50.0,南,2室1厅1卫,3000
整租·广州奥林匹克花园 2室1厅 错层 南,番禺,洛溪,74.0,南,2室1厅1卫,3100
整租·番禺万达广场 2室1厅 东,番禺,万博,230.0,东,2室1厅0卫,16000
整租·暨南大学宿舍 1室1厅 南,天河,石牌,40.0,南,1室1厅1卫,3600
整租·珠光新城御景二期 3室2厅 南/北,天河,珠江新城东,119.73,南,3室2厅2卫,13000
合租·万科海上传奇 2居室 西南卧,荔湾,芳村,30.0,西,2室0厅2卫,1850
整租·富力桃园 1室0厅 东南,白云,罗冲围,12.0,东,1室0厅0卫,1300
整租·花语水岸 1室0厅 东,荔湾,大坦沙,13.0,东,1室0厅0卫,600
整租·波尔多庄园 1室1厅 西南,越秀,黄花岗,48.0,西,1室1厅1卫,4000
整租·庙前西街 1室1厅 东南,越秀,东山口,35.82,东,1室1厅1卫,2500
整租·合景睿峰L7 3室1厅 北,天河,珠江新城东,114.0,北,3室1厅2卫,10000
整租·阳光城悦然府 3室2厅 东北,南沙,进港大道,87.0,东,3室2厅1卫,2300
整租·海力花园 3室2厅 南,南沙,进港大道,88.0,南,3室2厅1卫,1500
整租·同和云苑新村 3室1厅 南,白云,同和,80.0,南,3室1厅1卫,2500
整租·萝岗奥园广场 2室2厅 南,黄埔,香雪,52.0,南,2室2厅1卫,2950
整租·雅居乐剑桥汇 4室2厅 南,番禺,雅居乐,275.0,南,4室2厅4卫,4800
整租·逸泉山庄 3室2厅 复式 南,从化,赤草,144.0,南,3室2厅3卫,2200
整租·归谷科技园 1室1厅 南,黄埔,科学城,58.0,南,1室1厅1卫,3200
整租·翠雅苑 2室1厅 西北,天河,林和,72.0,西,2室1厅1卫,3300
整租·粮所小区 4室2厅 南/北,花都,旧区,113.0,南,4室2厅1卫,1100
整租·西湾路 2室1厅 南,荔湾,西村,50.0,南,2室1厅1卫,2700
整租·文明路 1室1厅 南,越秀,农讲所,76.0,南,1室1厅1卫,9500
合租·保利大都汇 4居室 东南卧,番禺,汉溪长隆,25.0,东,4室0厅0卫,2000
整租·碧桂园凤凰城凤晴苑 2室2厅 南,增城,凤凰城,80.0,南,2室2厅1卫,2200
整租·新世界天逸 1室0厅 南,天河,天河公园,12.0,南,1室0厅0卫,1200
整租·万科金域华庭 2室1厅 东南,海珠,同福,68.0,东,2室1厅1卫,3500
整租·保利东江首府 8室3厅 复式 东/东南,增城,新塘南,248.0,东,8室3厅6卫,20000
整租·越秀滨海御城 3室2厅 南/北,南沙,金洲,104.49,南,3室2厅2卫,2600
整租·合景睿峰L7 3室1厅 西南,天河,珠江新城东,109.0,西,3室1厅1卫,12600
整租·东华西路 3室1厅 东,越秀,东川路,80.0,东,3室1厅1卫,4200
整租·十三甫路 1室0厅 西,荔湾,和平西,30.0,西,1室0厅1卫,1400
整租·富力盈丰大厦 1室1厅 南,天河,珠江新城西,55.0,南,1室1厅2卫,5500
整租·嘉裕礼顿阳光 1室0厅 北,天河,珠江新城西,39.0,北,1室0厅1卫,3500
整租·奥园城市天地 1室1厅 西南,番禺,汉溪长隆,46.0,西,1室1厅1卫,2800
整租·雅致花园 0室0厅 东,海珠,江燕路,12.0,东,,900
整租·白云明珠广场 2室1厅 东南,白云,新市,68.0,东,2室1厅1卫,2800
整租·广州设计之都 1室1厅 东,白云,黄边,46.0,东,1室1厅1卫,2300
整租·绿城美的·晓风印月 3室2厅 南,南沙,明珠湾,103.0,南,3室2厅2卫,2400
整租·丽影华庭B区 2室1厅 北,海珠,客村,72.0,北,2室1厅1卫,6500
整租·金海花园 2室1厅 北,天河,龙口东,74.25,北,2室1厅1卫,4400
整租·奥园越时代 1室1厅 东,番禺,广州南站,53.0,东,1室1厅1卫,1700
整租·中海橡园国际 3室2厅 西南,海珠,工业大道北,100.0,西,3室2厅1卫,7000
整租·锦绣香江花园布查特官邸 4室1厅 南,番禺,汉溪长隆,185.0,南,4室1厅3卫,9900
整租·碧桂园云顶 4室2厅 南,增城,凤凰城,126.0,南,4室2厅2卫,3200
整租·中国铁建海悦国际 3室2厅 东南,南沙,万顷沙,100.0,东,3室2厅2卫,1600
整租·晓港湾 2室1厅 东南,海珠,东晓南,38.0,东,2室1厅1卫,2000
整租·洪德路 1室1厅 西,海珠,洪德,30.0,西,1室1厅1卫,1800
整租·先烈东横路11号大院 1室1厅 东南,天河,沙河,50.0,东,1室1厅1卫,2500
整租·东浚荔景苑 3室1厅 南,荔湾,中山八,83.0,南,3室1厅1卫,5100
整租·星河山海湾 4室2厅 南/北,南沙,南沙港,134.35,南,4室2厅2卫,5500
整租·南园居 2室1厅 南,海珠,琶洲中,68.0,南,2室1厅1卫,3500
整租·时代天汇 3室2厅 南,增城,石滩镇,94.0,南,3室2厅1卫,1100
整租·东华东路 1室0厅 西,越秀,东川路,30.0,西,1室0厅1卫,2300
整租·东华东路 1室0厅 北,越秀,东川路,29.0,北,1室0厅1卫,2600
整租·淘金花园 1室0厅 东,越秀,淘金,28.0,东,1室0厅1卫,2900
整租·越秀东坡 3室2厅 东南,南沙,进港大道,100.0,东,3室2厅2卫,2600
整租·淘金花园 1室0厅 东,越秀,淘金,25.0,东,1室0厅1卫,2600
整租·蓬莱花园 2室1厅 南,荔湾,芳村,76.0,南,2室1厅1卫,3300
整租·领江壹号 1室0厅 南,海珠,客村,12.0,南,1室0厅0卫,800
整租·新福港鼎峰 3室2厅 南/北,黄埔,科学城,89.0,南,3室2厅1卫,4200
整租·雅居乐海伦堡溪境花园 4室2厅 东南,从化,江埔街,106.0,东,4室2厅2卫,3000
整租·光华小区 2室1厅 南,海珠,新港西,68.31,南,2室1厅1卫,4200
整租·华丽公寓 1室0厅 南,番禺,石碁,40.0,南,1室0厅1卫,1500
整租·烟墩路 2室1厅 南,越秀,东山口,50.0,南,2室1厅1卫,4000
整租·晓港西马路 2室1厅 南,海珠,昌岗,50.0,南,2室1厅1卫,3000
整租·侨诚花园 3室2厅 东南,海珠,东晓南,90.0,东,3室2厅1卫,3300
整租·君华香柏广场 1室0厅 南,白云,京溪,12.0,南,1室0厅0卫,1000
整租·时代江岸花园 4室2厅 南,海珠,工业大道南,192.0,南,4室2厅3卫,24000
整租·领南星河荣誉 3室2厅 东南,南沙,南沙港,97.0,东,3室2厅2卫,1800
整租·奥园城市天地 1室1厅 南,番禺,汉溪长隆,48.0,南,1室1厅1卫,8000
整租·奥园城市天地 1室1厅 南,番禺,汉溪长隆,48.0,南,1室1厅1卫,8000
整租·南北广场 1室1厅 西南,海珠,宝岗,38.0,西,1室1厅1卫,1950
整租·人民中路 2室1厅 东,越秀,人民路,40.0,东,2室1厅1卫,2900
整租·琶洲新村公寓 1室0厅 南,海珠,琶洲东,38.0,南,1室0厅1卫,3900
整租·白云堡豪苑 7室3厅 东南,白云,永泰,413.0,东,7室3厅6卫,20000
整租·敏捷上品公馆 2室1厅 复式 南,番禺,金山谷,58.0,南,2室1厅1卫,3000
整租·新景豪庭 2室2厅 南,增城,白江,80.41,南,2室2厅1卫,800
整租·奥园康威广场 2室1厅 南,增城,新塘北,51.0,南,2室1厅1卫,1600
整租·小北路 1室1厅 南/北,越秀,小北,33.0,南,1室1厅1卫,2300
整租·南航花园 3室2厅 南,花都,新区,127.0,南,3室2厅1卫,3300
整租·南沙碧桂园 3室2厅 错层 东南,南沙,金洲,129.0,东,3室2厅2卫,2300
整租·城投·首筑花园 3室2厅 南,南沙,横沥,120.0,南,3室2厅2卫,2200
整租·碧桂园海湾1号 3室2厅 南,南沙,南沙港,97.0,南,3室2厅2卫,1600
整租·恒大山水郡 3室1厅 南,增城,中新镇,112.99,南,3室1厅1卫,2000
整租·江南花园 2室1厅 南,海珠,工业大道北,84.0,南,2室1厅1卫,5000
整租·雅居乐富春山居 5室2厅 东南,黄埔,科学城,198.0,东,5室2厅3卫,15000
整租·越秀中国铁建南投海语天悦湾 3室2厅 东南,南沙,明珠湾,96.0,东,3室2厅2卫,3500
整租·方圆明月山溪 1室2厅 南/北,从化,温泉镇,59.0,南,1室2厅1卫,1350
整租·领悦公馆 4室1厅 南,增城,中新镇,104.0,南,4室1厅2卫,2000
合租·海角楼 4居室 东卧,天河,体育中心,20.0,东,4室0厅1卫,3300
整租·高雅湾 3室2厅 东/西,海珠,滨江东,137.0,东,3室2厅2卫,9800
整租·保利天悦公寓 1室0厅 南/北,海珠,琶洲东,18.0,南,1室0厅0卫,1300
整租·绿城美的·晓风印月 3室1厅 南,南沙,明珠湾,107.0,南,3室1厅2卫,2800
整租·敏捷绿湖首府三期 3室2厅 东北,增城,石滩镇,84.0,东,3室2厅1卫,1000
整租·富泽园 3室2厅 西南,海珠,工业大道北,90.54,西,3室2厅1卫,5000
整租·敏捷四季花园 3室1厅 南,番禺,大石,94.0,南,3室1厅1卫,5500
整租·美的江上沄启 3室2厅 南,南沙,明珠湾,90.0,南,3室2厅2卫,1800
整租·汇金国际金融中心 2室2厅 南,天河,金融城,78.0,南,2室2厅1卫,8600
整租·怡居新村 2室2厅 南,番禺,大石,75.0,南,2室2厅1卫,2500
整租·碧桂园豪进左岸 3室2厅 北,增城,石滩镇,102.0,北,3室2厅2卫,1800
整租·亚运城天峯3区 3室2厅 东南,番禺,亚运城,103.0,东,3室2厅1卫,5000
整租·银通花园 1室0厅 南,白云,机场路,12.0,南,1室0厅0卫,850
整租·德怡居 2室1厅 东南,海珠,昌岗,60.0,东,2室1厅1卫,2800
整租·白云高尔夫花园东区 2室1厅 东,白云,黄石,26.0,东,2室1厅0卫,1800
整租·星河山海湾 3室2厅 西南,南沙,南沙港,115.0,西,3室2厅2卫,3200
合租·珠江帝景苑 4居室 西北/北卧,海珠,广州塔,20.0,西,4室2厅1卫,5500
整租·归谷科技园 1室1厅 南,黄埔,科学城,58.0,南,1室1厅1卫,3200
整租·翠雅苑 2室1厅 西北,天河,林和,72.0,西,2室1厅1卫,3300
整租·粮所小区 4室2厅 南/北,花都,旧区,113.0,南,4室2厅1卫,1100
整租·西湾路 2室1厅 南,荔湾,西村,50.0,南,2室1厅1卫,2700
整租·文明路 1室1厅 南,越秀,农讲所,76.0,南,1室1厅1卫,9500
合租·保利大都汇 4居室 东南卧,番禺,汉溪长隆,25.0,东,4室0厅0卫,2000
整租·碧桂园凤凰城凤晴苑 2室2厅 南,增城,凤凰城,80.0,南,2室2厅1卫,2200
整租·新世界天逸 1室0厅 南,天河,天河公园,12.0,南,1室0厅0卫,1200
整租·万科金域华庭 2室1厅 东南,海珠,同福,68.0,东,2室1厅1卫,3500
整租·保利东江首府 8室3厅 复式 东/东南,增城,新塘南,248.0,东,8室3厅6卫,20000
整租·越秀滨海御城 3室2厅 南/北,南沙,金洲,104.49,南,3室2厅2卫,2600
整租·合景睿峰L7 3室1厅 西南,天河,珠江新城东,109.0,西,3室1厅1卫,12600
整租·东华西路 3室1厅 东,越秀,东川路,80.0,东,3室1厅1卫,4200
整租·十三甫路 1室0厅 西,荔湾,和平西,30.0,西,1室0厅1卫,1400
整租·富力盈丰大厦 1室1厅 南,天河,珠江新城西,55.0,南,1室1厅2卫,5500
整租·嘉裕礼顿阳光 1室0厅 北,天河,珠江新城西,39.0,北,1室0厅1卫,3500
title,area,detailplace,square,position,roomtype,price
整租·归谷科技园 1室1厅 南,黄埔,科学城,58.0,南,1室1厅1卫,3200
整租·翠雅苑 2室1厅 西北,天河,林和,72.0,西,2室1厅1卫,3300
整租·粮所小区 4室2厅 南/北,花都,旧区,113.0,南,4室2厅1卫,1100
整租·西湾路 2室1厅 南,荔湾,西村,50.0,南,2室1厅1卫,2700
整租·文明路 1室1厅 南,越秀,农讲所,76.0,南,1室1厅1卫,9500
合租·保利大都汇 4居室 东南卧,番禺,汉溪长隆,25.0,东,4室0厅0卫,2000
整租·碧桂园凤凰城凤晴苑 2室2厅 南,增城,凤凰城,80.0,南,2室2厅1卫,2200
整租·新世界天逸 1室0厅 南,天河,天河公园,12.0,南,1室0厅0卫,1200
整租·万科金域华庭 2室1厅 东南,海珠,同福,68.0,东,2室1厅1卫,3500
整租·保利东江首府 8室3厅 复式 东/东南,增城,新塘南,248.0,东,8室3厅6卫,20000
整租·越秀滨海御城 3室2厅 南/北,南沙,金洲,104.49,南,3室2厅2卫,2600
整租·合景睿峰L7 3室1厅 西南,天河,珠江新城东,109.0,西,3室1厅1卫,12600
整租·东华西路 3室1厅 东,越秀,东川路,80.0,东,3室1厅1卫,4200
整租·十三甫路 1室0厅 西,荔湾,和平西,30.0,西,1室0厅1卫,1400
整租·富力盈丰大厦 1室1厅 南,天河,珠江新城西,55.0,南,1室1厅2卫,5500
整租·嘉裕礼顿阳光 1室0厅 北,天河,珠江新城西,39.0,北,1室0厅1卫,3500
整租·奥园城市天地 1室1厅 西南,番禺,汉溪长隆,46.0,西,1室1厅1卫,2800
整租·雅致花园 0室0厅 东,海珠,江燕路,12.0,东,,900
整租·白云明珠广场 2室1厅 东南,白云,新市,68.0,东,2室1厅1卫,2800
整租·广州设计之都 1室1厅 东,白云,黄边,46.0,东,1室1厅1卫,2300
整租·绿城美的·晓风印月 3室2厅 南,南沙,明珠湾,103.0,南,3室2厅2卫,2400
整租·丽影华庭B区 2室1厅 北,海珠,客村,72.0,北,2室1厅1卫,6500
整租·归谷科技园 1室1厅 南,黄埔,科学城,58.0,南,1室1厅1卫,3200
整租·翠雅苑 2室1厅 西北,天河,林和,72.0,西,2室1厅1卫,3300
整租·粮所小区 4室2厅 南/北,花都,旧区,113.0,南,4室2厅1卫,1100
整租·西湾路 2室1厅 南,荔湾,西村,50.0,南,2室1厅1卫,2700
整租·文明路 1室1厅 南,越秀,农讲所,76.0,南,1室1厅1卫,9500
合租·保利大都汇 4居室 东南卧,番禺,汉溪长隆,25.0,东,4室0厅0卫,2000
整租·碧桂园凤凰城凤晴苑 2室2厅 南,增城,凤凰城,80.0,南,2室2厅1卫,2200
整租·新世界天逸 1室0厅 南,天河,天河公园,12.0,南,1室0厅0卫,1200
整租·万科金域华庭 2室1厅 东南,海珠,同福,68.0,东,2室1厅1卫,3500
整租·保利东江首府 8室3厅 复式 东/东南,增城,新塘南,248.0,东,8室3厅6卫,20000
整租·越秀滨海御城 3室2厅 南/北,南沙,金洲,104.49,南,3室2厅2卫,2600
整租·合景睿峰L7 3室1厅 西南,天河,珠江新城东,109.0,西,3室1厅1卫,12600
整租·东华西路 3室1厅 东,越秀,东川路,80.0,东,3室1厅1卫,4200
整租·十三甫路 1室0厅 西,荔湾,和平西,30.0,西,1室0厅1卫,1400
整租·富力盈丰大厦 1室1厅 南,天河,珠江新城西,55.0,南,1室1厅2卫,5500
整租·嘉裕礼顿阳光 1室0厅 北,天河,珠江新城西,39.0,北,1室0厅1卫,3500
整租·奥园城市天地 1室1厅 西南,番禺,汉溪长隆,46.0,西,1室1厅1卫,2800
整租·雅致花园 0室0厅 东,海珠,江燕路,12.0,东,,900
整租·方圆明月山溪 1室2厅 南/北,从化,温泉镇,59.0,南,1室2厅1卫,1350
整租·领悦公馆 4室1厅 南,增城,中新镇,104.0,南,4室1厅2卫,2000
合租·海角楼 4居室 东卧,天河,体育中心,20.0,东,4室0厅1卫,3300
整租·高雅湾 3室2厅 东/西,海珠,滨江东,137.0,东,3室2厅2卫,9800
整租·保利天悦公寓 1室0厅 南/北,海珠,琶洲东,18.0,南,1室0厅0卫,1300
整租·绿城美的·晓风印月 3室1厅 南,南沙,明珠湾,107.0,南,3室1厅2卫,2800
整租·敏捷绿湖首府三期 3室2厅 东北,增城,石滩镇,84.0,东,3室2厅1卫,1000
整租·富泽园 3室2厅 西南,海珠,工业大道北,90.54,西,3室2厅1卫,5000
整租·敏捷四季花园 3室1厅 南,番禺,大石,94.0,南,3室1厅1卫,5500
整租·美的江上沄启 3室2厅 南,南沙,明珠湾,90.0,南,3室2厅2卫,1800
整租·汇金国际金融中心 2室2厅 南,天河,金融城,78.0,南,2室2厅1卫,8600
整租·怡居新村 2室2厅 南,番禺,大石,75.0,南,2室2厅1卫,2500
整租·碧桂园豪进左岸 3室2厅 北,增城,石滩镇,102.0,北,3室2厅2卫,1800
整租·亚运城天峯3区 3室2厅 东南,番禺,亚运城,103.0,东,3室2厅1卫,5000
整租·银通花园 1室0厅 南,白云,机场路,12.0,南,1室0厅0卫,850
整租·德怡居 2室1厅 东南,海珠,昌岗,60.0,东,2室1厅1卫,2800
整租·白云高尔夫花园东区 2室1厅 东,白云,黄石,26.0,东,2室1厅0卫,1800
整租·星河山海湾 3室2厅 西南,南沙,南沙港,115.0,西,3室2厅2卫,3200
合租·珠江帝景苑 4居室 西北/北卧,海珠,广州塔,20.0,西,4室2厅1卫,5500
整租·培正路 2室1厅 南,越秀,东山口,85.0,南,2室1厅1卫,5300
整租·合景誉山国际三区 4室2厅 南,增城,永宁,141.72,南,4室2厅2卫,2600
整租·中惠·睿元 5室2厅 跃层 南,天河,智慧城,132.9,南,5室2厅3卫,18000
整租·岭南新世界 1室0厅 南,白云,嘉禾望岗,13.0,南,1室0厅0卫,1000
整租·方圆明月山溪 1室2厅 南/北,从化,温泉镇,59.0,南,1室2厅1卫,1350
整租·领悦公馆 4室1厅 南,增城,中新镇,104.0,南,4室1厅2卫,2000
合租·海角楼 4居室 东卧,天河,体育中心,20.0,东,4室0厅1卫,3300
整租·高雅湾 3室2厅 东/西,海珠,滨江东,137.0,东,3室2厅2卫,9800
整租·保利天悦公寓 1室0厅 南/北,海珠,琶洲东,18.0,南,1室0厅0卫,1300
整租·绿城美的·晓风印月 3室1厅 南,南沙,明珠湾,107.0,南,3室1厅2卫,2800
整租·敏捷绿湖首府三期 3室2厅 东北,增城,石滩镇,84.0,东,3室2厅1卫,1000
整租·富泽园 3室2厅 西南,海珠,工业大道北,90.54,西,3室2厅1卫,5000
整租·敏捷四季花园 3室1厅 南,番禺,大石,94.0,南,3室1厅1卫,5500
整租·美的江上沄启 3室2厅 南,南沙,明珠湾,90.0,南,3室2厅2卫,1800
整租·汇金国际金融中心 2室2厅 南,天河,金融城,78.0,南,2室2厅1卫,8600
整租·怡居新村 2室2厅 南,番禺,大石,75.0,南,2室2厅1卫,2500
整租·碧桂园豪进左岸 3室2厅 北,增城,石滩镇,102.0,北,3室2厅2卫,1800
整租·亚运城天峯3区 3室2厅 东南,番禺,亚运城,103.0,东,3室2厅1卫,5000
整租·银通花园 1室0厅 南,白云,机场路,12.0,南,1室0厅0卫,850
整租·德怡居 2室1厅 东南,海珠,昌岗,60.0,东,2室1厅1卫,2800
整租·白云高尔夫花园东区 2室1厅 东,白云,黄石,26.0,东,2室1厅0卫,1800
整租·星河山海湾 3室2厅 西南,南沙,南沙港,115.0,西,3室2厅2卫,3200
合租·珠江帝景苑 4居室 西北/北卧,海珠,广州塔,20.0,西,4室2厅1卫,5500
整租·培正路 2室1厅 南,越秀,东山口,85.0,南,2室1厅1卫,5300
整租·合景誉山国际三区 4室2厅 南,增城,永宁,141.72,南,4室2厅2卫,2600
整租·中惠·睿元 5室2厅 跃层 南,天河,智慧城,132.9,南,5室2厅3卫,18000
整租·方圆明月山溪 1室2厅 南/北,从化,温泉镇,59.0,南,1室2厅1卫,1350
整租·领悦公馆 4室1厅 南,增城,中新镇,104.0,南,4室1厅2卫,2000
合租·海角楼 4居室 东卧,天河,体育中心,20.0,东,4室0厅1卫,3300
整租·高雅湾 3室2厅 东/西,海珠,滨江东,137.0,东,3室2厅2卫,9800
整租·保利天悦公寓 1室0厅 南/北,海珠,琶洲东,18.0,南,1室0厅0卫,1300
整租·绿城美的·晓风印月 3室1厅 南,南沙,明珠湾,107.0,南,3室1厅2卫,2800
整租·敏捷绿湖首府三期 3室2厅 东北,增城,石滩镇,84.0,东,3室2厅1卫,1000
整租·富泽园 3室2厅 西南,海珠,工业大道北,90.54,西,3室2厅1卫,5000
整租·敏捷四季花园 3室1厅 南,番禺,大石,94.0,南,3室1厅1卫,5500
整租·美的江上沄启 3室2厅 南,南沙,明珠湾,90.0,南,3室2厅2卫,1800
整租·汇金国际金融中心 2室2厅 南,天河,金融城,78.0,南,2室2厅1卫,8600
整租·怡居新村 2室2厅 南,番禺,大石,75.0,南,2室2厅1卫,2500
整租·碧桂园豪进左岸 3室2厅 北,增城,石滩镇,102.0,北,3室2厅2卫,1800
整租·亚运城天峯3区 3室2厅 东南,番禺,亚运城,103.0,东,3室2厅1卫,5000
整租·银通花园 1室0厅 南,白云,机场路,12.0,南,1室0厅0卫,850
整租·德怡居 2室1厅 东南,海珠,昌岗,60.0,东,2室1厅1卫,2800
整租·白云高尔夫花园东区 2室1厅 东,白云,黄石,26.0,东,2室1厅0卫,1800
整租·星河山海湾 3室2厅 西南,南沙,南沙港,115.0,西,3室2厅2卫,3200
合租·珠江帝景苑 4居室 西北/北卧,海珠,广州塔,20.0,西,4室2厅1卫,5500
整租·培正路 2室1厅 南,越秀,东山口,85.0,南,2室1厅1卫,5300
整租·合景誉山国际三区 4室2厅 南,增城,永宁,141.72,南,4室2厅2卫,2600
整租·中惠·睿元 5室2厅 跃层 南,天河,智慧城,132.9,南,5室2厅3卫,18000
整租·星河江堤春晓 3室2厅 北,南沙,明珠湾,100.0,北,3室2厅2卫,3500
整租·广州足球公园 3室2厅 东,番禺,钟村,85.0,东,3室2厅2卫,4000
整租·广州足球公园 3室2厅 东,番禺,钟村,85.0,东,3室2厅2卫,4200
整租·珠光新城国际中心 1室1厅 南,天河,珠江新城东,37.0,南,1室1厅1卫,4800
整租·颐和四季公馆 1室0厅 北,天河,粤垦,50.0,北,1室0厅1卫,3500
整租·阳光城丽景半岛 4室2厅 南/北,南沙,进港大道,119.0,南,4室2厅2卫,2500
整租·芳华花园洛涛居北区 3室1厅 北,番禺,洛溪,75.0,北,3室1厅1卫,3500
整租·明月小区 2室1厅 南/北,越秀,五羊新城,50.0,南,2室1厅1卫,3000
整租·广州奥林匹克花园 2室1厅 错层 南,番禺,洛溪,74.0,南,2室1厅1卫,3100
整租·番禺万达广场 2室1厅 东,番禺,万博,230.0,东,2室1厅0卫,16000
整租·暨南大学宿舍 1室1厅 南,天河,石牌,40.0,南,1室1厅1卫,3600
整租·珠光新城御景二期 3室2厅 南/北,天河,珠江新城东,119.73,南,3室2厅2卫,13000
合租·万科海上传奇 2居室 西南卧,荔湾,芳村,30.0,西,2室0厅2卫,1850
整租·富力桃园 1室0厅 东南,白云,罗冲围,12.0,东,1室0厅0卫,1300
整租·花语水岸 1室0厅 东,荔湾,大坦沙,13.0,东,1室0厅0卫,600
整租·波尔多庄园 1室1厅 西南,越秀,黄花岗,48.0,西,1室1厅1卫,4000
整租·庙前西街 1室1厅 东南,越秀,东山口,35.82,东,1室1厅1卫,2500
整租·归谷科技园 1室1厅 南,黄埔,科学城,58.0,南,1室1厅1卫,3200
整租·翠雅苑 2室1厅 西北,天河,林和,72.0,西,2室1厅1卫,3300
整租·粮所小区 4室2厅 南/北,花都,旧区,113.0,南,4室2厅1卫,1100
整租·西湾路 2室1厅 南,荔湾,西村,50.0,南,2室1厅1卫,2700
整租·文明路 1室1厅 南,越秀,农讲所,76.0,南,1室1厅1卫,9500
合租·保利大都汇 4居室 东南卧,番禺,汉溪长隆,25.0,东,4室0厅0卫,2000
整租·碧桂园凤凰城凤晴苑 2室2厅 南,增城,凤凰城,80.0,南,2室2厅1卫,2200
整租·新世界天逸 1室0厅 南,天河,天河公园,12.0,南,1室0厅0卫,1200
整租·万科金域华庭 2室1厅 东南,海珠,同福,68.0,东,2室1厅1卫,3500
整租·保利东江首府 8室3厅 复式 东/东南,增城,新塘南,248.0,东,8室3厅6卫,20000
整租·越秀滨海御城 3室2厅 南/北,南沙,金洲,104.49,南,3室2厅2卫,2600
整租·合景睿峰L7 3室1厅 西南,天河,珠江新城东,109.0,西,3室1厅1卫,12600
整租·东华西路 3室1厅 东,越秀,东川路,80.0,东,3室1厅1卫,4200
整租·十三甫路 1室0厅 西,荔湾,和平西,30.0,西,1室0厅1卫,1400
整租·富力盈丰大厦 1室1厅 南,天河,珠江新城西,55.0,南,1室1厅2卫,5500
整租·嘉裕礼顿阳光 1室0厅 北,天河,珠江新城西,39.0,北,1室0厅1卫,3500
整租·奥园城市天地 1室1厅 西南,番禺,汉溪长隆,46.0,西,1室1厅1卫,2800
整租·雅致花园 0室0厅 东,海珠,江燕路,12.0,东,,900
整租·白云明珠广场 2室1厅 东南,白云,新市,68.0,东,2室1厅1卫,2800
整租·星河江堤春晓 3室2厅 北,南沙,明珠湾,100.0,北,3室2厅2卫,3500
整租·广州足球公园 3室2厅 东,番禺,钟村,85.0,东,3室2厅2卫,4000
整租·广州足球公园 3室2厅 东,番禺,钟村,85.0,东,3室2厅2卫,4200
整租·珠光新城国际中心 1室1厅 南,天河,珠江新城东,37.0,南,1室1厅1卫,4800
整租·颐和四季公馆 1室0厅 北,天河,粤垦,50.0,北,1室0厅1卫,3500
整租·阳光城丽景半岛 4室2厅 南/北,南沙,进港大道,119.0,南,4室2厅2卫,2500
整租·芳华花园洛涛居北区 3室1厅 北,番禺,洛溪,75.0,北,3室1厅1卫,3500
整租·明月小区 2室1厅 南/北,越秀,五羊新城,50.0,南,2室1厅1卫,3000
整租·广州奥林匹克花园 2室1厅 错层 南,番禺,洛溪,74.0,南,2室1厅1卫,3100
整租·番禺万达广场 2室1厅 东,番禺,万博,230.0,东,2室1厅0卫,16000
整租·暨南大学宿舍 1室1厅 南,天河,石牌,40.0,南,1室1厅1卫,3600
整租·珠光新城御景二期 3室2厅 南/北,天河,珠江新城东,119.73,南,3室2厅2卫,13000
合租·万科海上传奇 2居室 西南卧,荔湾,芳村,30.0,西,2室0厅2卫,1850
整租·富力桃园 1室0厅 东南,白云,罗冲围,12.0,东,1室0厅0卫,1300
整租·花语水岸 1室0厅 东,荔湾,大坦沙,13.0,东,1室0厅0卫,600
整租·波尔多庄园 1室1厅 西南,越秀,黄花岗,48.0,西,1室1厅1卫,4000
整租·庙前西街 1室1厅 东南,越秀,东山口,35.82,东,1室1厅1卫,2500
整租·合景睿峰L7 3室1厅 北,天河,珠江新城东,114.0,北,3室1厅2卫,10000
整租·阳光城悦然府 3室2厅 东北,南沙,进港大道,87.0,东,3室2厅1卫,2300
整租·海力花园 3室2厅 南,南沙,进港大道,88.0,南,3室2厅1卫,1500
整租·同和云苑新村 3室1厅 南,白云,同和,80.0,南,3室1厅1卫,2500
整租·方圆明月山溪 1室2厅 南/北,从化,温泉镇,59.0,南,1室2厅1卫,1350
整租·领悦公馆 4室1厅 南,增城,中新镇,104.0,南,4室1厅2卫,2000
合租·海角楼 4居室 东卧,天河,体育中心,20.0,东,4室0厅1卫,3300
整租·高雅湾 3室2厅 东/西,海珠,滨江东,137.0,东,3室2厅2卫,9800
整租·保利天悦公寓 1室0厅 南/北,海珠,琶洲东,18.0,南,1室0厅0卫,1300
整租·绿城美的·晓风印月 3室1厅 南,南沙,明珠湾,107.0,南,3室1厅2卫,2800
整租·敏捷绿湖首府三期 3室2厅 东北,增城,石滩镇,84.0,东,3室2厅1卫,1000
整租·富泽园 3室2厅 西南,海珠,工业大道北,90.54,西,3室2厅1卫,5000
整租·敏捷四季花园 3室1厅 南,番禺,大石,94.0,南,3室1厅1卫,5500
整租·美的江上沄启 3室2厅 南,南沙,明珠湾,90.0,南,3室2厅2卫,1800
整租·汇金国际金融中心 2室2厅 南,天河,金融城,78.0,南,2室2厅1卫,8600
整租·怡居新村 2室2厅 南,番禺,大石,75.0,南,2室2厅1卫,2500
整租·碧桂园豪进左岸 3室2厅 北,增城,石滩镇,102.0,北,3室2厅2卫,1800
整租·亚运城天峯3区 3室2厅 东南,番禺,亚运城,103.0,东,3室2厅1卫,5000
整租·银通花园 1室0厅 南,白云,机场路,12.0,南,1室0厅0卫,850
整租·德怡居 2室1厅 东南,海珠,昌岗,60.0,东,2室1厅1卫,2800
整租·白云高尔夫花园东区 2室1厅 东,白云,黄石,26.0,东,2室1厅0卫,1800
整租·星河山海湾 3室2厅 西南,南沙,南沙港,115.0,西,3室2厅2卫,3200
合租·珠江帝景苑 4居室 西北/北卧,海珠,广州塔,20.0,西,4室2厅1卫,5500
整租·培正路 2室1厅 南,越秀,东山口,85.0,南,2室1厅1卫,5300
整租·归谷科技园 1室1厅 南,黄埔,科学城,58.0,南,1室1厅1卫,3200
整租·翠雅苑 2室1厅 西北,天河,林和,72.0,西,2室1厅1卫,3300
整租·粮所小区 4室2厅 南/北,花都,旧区,113.0,南,4室2厅1卫,1100
整租·西湾路 2室1厅 南,荔湾,西村,50.0,南,2室1厅1卫,2700
整租·文明路 1室1厅 南,越秀,农讲所,76.0,南,1室1厅1卫,9500
合租·保利大都汇 4居室 东南卧,番禺,汉溪长隆,25.0,东,4室0厅0卫,2000
整租·碧桂园凤凰城凤晴苑 2室2厅 南,增城,凤凰城,80.0,南,2室2厅1卫,2200
整租·新世界天逸 1室0厅 南,天河,天河公园,12.0,南,1室0厅0卫,1200
整租·万科金域华庭 2室1厅 东南,海珠,同福,68.0,东,2室1厅1卫,3500
整租·保利东江首府 8室3厅 复式 东/东南,增城,新塘南,248.0,东,8室3厅6卫,20000
整租·越秀滨海御城 3室2厅 南/北,南沙,金洲,104.49,南,3室2厅2卫,2600
整租·合景睿峰L7 3室1厅 西南,天河,珠江新城东,109.0,西,3室1厅1卫,12600
整租·东华西路 3室1厅 东,越秀,东川路,80.0,东,3室1厅1卫,4200
整租·十三甫路 1室0厅 西,荔湾,和平西,30.0,西,1室0厅1卫,1400
整租·富力盈丰大厦 1室1厅 南,天河,珠江新城西,55.0,南,1室1厅2卫,5500
整租·嘉裕礼顿阳光 1室0厅 北,天河,珠江新城西,39.0,北,1室0厅1卫,3500
整租·奥园城市天地 1室1厅 西南,番禺,汉溪长隆,46.0,西,1室1厅1卫,2800
title,area,detailplace,square,position,roomtype,price
整租·碧桂园天玺湾 3室2厅 南,南沙,进港大道,89.0,南,3室2厅1卫,1700
整租·南沙珠江湾 4室2厅 南,南沙,南沙湾,99.0,南,4室2厅2卫,2800
整租·翠城花园 1室0厅 东南,海珠,江燕路,12.0,东,1室0厅0卫,1300
整租·锦绣香江花园芙蓉园 6室2厅 南,番禺,汉溪长隆,665.1,南,6室2厅4卫,60000
整租·敏捷尚品国际 2室2厅 北,南沙,进港大道,59.0,北,2室2厅1卫,1454
整租·商业大道 3室2厅 南,花都,旧区,120.0,南,3室2厅1卫,1200
整租·同和街综治信访维稳中心宿舍楼 3室2厅 南,白云,同和,95.0,南,3室2厅1卫,2700
整租·广州绿地中央广场 1室1厅 南,黄埔,科学城,53.0,南,1室1厅1卫,3100
整租·沙和路 3室1厅 东南,天河,沙河,74.8,东,3室1厅1卫,1840
整租·建设北路 3室2厅 南,花都,旧区,63.0,南,3室2厅1卫,800
整租·淘金路 1室1厅 南,越秀,淘金,28.0,南,1室1厅1卫,2100
整租·先烈中路 1室1厅 东,越秀,黄花岗,40.0,东,1室1厅1卫,2800
整租·南沙珠江湾 3室2厅 南,南沙,南沙湾,143.71,南,3室2厅2卫,2500
整租·六二三路 1室1厅 南,荔湾,和平西,57.0,南,1室1厅1卫,3500
整租·珠江花城一二期 5室2厅 南,天河,黄村,139.0,南,5室2厅2卫,7200
整租·中交汇通中心 1室1厅 东南/南,南沙,明珠湾,48.0,东,1室1厅1卫,2000
整租·中交汇通中心 1室0厅 东南,南沙,明珠湾,50.0,东,1室0厅1卫,1800
整租·富力公园28 4室3厅 南,天河,珠江新城东,263.09,南,4室3厅3卫,21150
整租·擎山苑 2室1厅 东南/南,白云,梅花园,85.0,东,2室1厅1卫,4000
整租·富力泉天下 8室2厅 东南/南,从化,温泉镇,410.0,东,8室2厅4卫,12000
整租·碧桂园天玺湾 3室2厅 南,南沙,进港大道,89.0,南,3室2厅1卫,1700
整租·南沙珠江湾 4室2厅 南,南沙,南沙湾,99.0,南,4室2厅2卫,2800
整租·翠城花园 1室0厅 东南,海珠,江燕路,12.0,东,1室0厅0卫,1300
整租·锦绣香江花园芙蓉园 6室2厅 南,番禺,汉溪长隆,665.1,南,6室2厅4卫,60000
整租·敏捷尚品国际 2室2厅 北,南沙,进港大道,59.0,北,2室2厅1卫,1454
整租·商业大道 3室2厅 南,花都,旧区,120.0,南,3室2厅1卫,1200
整租·同和街综治信访维稳中心宿舍楼 3室2厅 南,白云,同和,95.0,南,3室2厅1卫,2700
整租·广州绿地中央广场 1室1厅 南,黄埔,科学城,53.0,南,1室1厅1卫,3100
整租·沙和路 3室1厅 东南,天河,沙河,74.8,东,3室1厅1卫,1840
整租·建设北路 3室2厅 南,花都,旧区,63.0,南,3室2厅1卫,800
整租·淘金路 1室1厅 南,越秀,淘金,28.0,南,1室1厅1卫,2100
整租·先烈中路 1室1厅 东,越秀,黄花岗,40.0,东,1室1厅1卫,2800
整租·南沙珠江湾 3室2厅 南,南沙,南沙湾,143.71,南,3室2厅2卫,2500
整租·六二三路 1室1厅 南,荔湾,和平西,57.0,南,1室1厅1卫,3500
整租·珠江花城一二期 5室2厅 南,天河,黄村,139.0,南,5室2厅2卫,7200
整租·远洋天骄 1室0厅 东南,天河,天河客运站,12.0,东,1室0厅0卫,500
整租·敏捷华美国际 1室1厅 南,番禺,大石,51.0,南,1室1厅1卫,2800
整租·南沙涉外公馆 2室1厅 南,南沙,进港大道,53.0,南,2室1厅2卫,1250
整租·十年小雅 1室0厅 南,番禺,雅居乐,13.0,南,1室0厅0卫,500
整租·南雅苑 3室1厅 南/北,天河,天河南,83.0,南,3室1厅1卫,5500
整租·113中学宿舍 3室2厅 东南,天河,龙口东,80.0,东,3室2厅1卫,3400
整租·新安大厦 2室1厅 东北,海珠,昌岗,80.0,东,2室1厅1卫,3800
整租·奥园中新城市天地 3室1厅 东南,增城,中新镇,87.0,东,3室1厅2卫,1400
整租·富力城北区 1室0厅 南,白云,夏茅,12.0,南,1室0厅0卫,700
整租·俊怡御景花园 3室2厅 南,花都,花城街,145.6,南,3室2厅2卫,2500
整租·保利大都汇 2室1厅 南,番禺,汉溪长隆,68.0,南,2室1厅2卫,4500
整租·碧桂园假日半岛映翠苑 3室2厅 南/北,花都,山前大道,95.21,南,3室2厅2卫,1000
整租·时代印记 3室2厅 南,黄埔,知识城,105.0,南,3室2厅2卫,2100
整租·艺景明苑 3室2厅 南,花都,铁路西,118.0,南,3室2厅2卫,2200
整租·广州雅居乐花园雅逸庭 1室0厅 南,番禺,雅居乐,11.0,南,1室0厅0卫,350
整租·广雅后街 1室1厅 南,荔湾,西村,35.0,南,1室1厅1卫,2000
整租·侨怡苑 2室1厅 东南/南,天河,体育中心,87.0,东,2室1厅1卫,5400
整租·南沙湾东苑 3室2厅 南,南沙,南沙港,90.0,南,3室2厅1卫,2600
整租·濂泉路 3室2厅 南,天河,沙河,95.0,南,3室2厅1卫,3800
整租·协和新世界 1室0厅 南,天河,天润路,11.8,南,1室0厅0卫,1500
整租·合景誉山国际三区 3室2厅 南,增城,永宁,101.0,南,3室2厅2卫,2000
整租·恒大山水郡 3室2厅 南,增城,中新镇,128.0,南,3室2厅2卫,1300
整租·品秀星樾 4室2厅 东,黄埔,香雪,115.0,东,4室2厅2卫,5450
整租·增槎路 1室1厅 南,白云,罗冲围,36.0,南,1室1厅1卫,2100
整租·增槎路 1室1厅 北,白云,罗冲围,51.0,北,1室1厅1卫,2500
整租·时代南湾 3室2厅 东南/南,南沙,南沙港,127.0,东,3室2厅2卫,2300
整租·中交汇通中心 2室1厅 北,南沙,明珠湾,54.0,北,2室1厅1卫,2100
合租·越秀国际总部广场 2居室 西卧,南沙,金洲,30.0,西,2室2厅2卫,1550
整租·中海花城湾 1室1厅 东/东南,天河,珠江新城中,12.0,东,1室1厅0卫,1000
整租·碧桂园琥珀湾 3室2厅 南,增城,石滩镇,98.0,南,3室2厅2卫,1200
整租·碧桂园豪进左岸 3室2厅 南,增城,石滩镇,102.0,南,3室2厅2卫,2000
整租·绿城美的·晓风印月 4室2厅 南,南沙,明珠湾,125.0,南,4室2厅2卫,3000
整租·兴隆北路 2室1厅 南/西,荔湾,人民路,53.0,南,2室1厅2卫,2800
整租·增槎路 1室0厅 南,白云,罗冲围,41.0,南,1室0厅1卫,2250
整租·碧桂园天玺湾 3室2厅 南,南沙,进港大道,89.0,南,3室2厅1卫,1700
整租·南沙珠江湾 4室2厅 南,南沙,南沙湾,99.0,南,4室2厅2卫,2800
整租·翠城花园 1室0厅 东南,海珠,江燕路,12.0,东,1室0厅0卫,1300
整租·锦绣香江花园芙蓉园 6室2厅 南,番禺,汉溪长隆,665.1,南,6室2厅4卫,60000
整租·敏捷尚品国际 2室2厅 北,南沙,进港大道,59.0,北,2室2厅1卫,1454
整租·商业大道 3室2厅 南,花都,旧区,120.0,南,3室2厅1卫,1200
整租·同和街综治信访维稳中心宿舍楼 3室2厅 南,白云,同和,95.0,南,3室2厅1卫,2700
整租·广州绿地中央广场 1室1厅 南,黄埔,科学城,53.0,南,1室1厅1卫,3100
整租·沙和路 3室1厅 东南,天河,沙河,74.8,东,3室1厅1卫,1840
整租·建设北路 3室2厅 南,花都,旧区,63.0,南,3室2厅1卫,800
整租·淘金路 1室1厅 南,越秀,淘金,28.0,南,1室1厅1卫,2100
整租·先烈中路 1室1厅 东,越秀,黄花岗,40.0,东,1室1厅1卫,2800
整租·南沙珠江湾 3室2厅 南,南沙,南沙湾,143.71,南,3室2厅2卫,2500
整租·六二三路 1室1厅 南,荔湾,和平西,57.0,南,1室1厅1卫,3500
整租·珠江花城一二期 5室2厅 南,天河,黄村,139.0,南,5室2厅2卫,7200
整租·中交汇通中心 1室1厅 东南/南,南沙,明珠湾,48.0,东,1室1厅1卫,2000
整租·中交汇通中心 1室0厅 东南,南沙,明珠湾,50.0,东,1室0厅1卫,1800
整租·富力公园28 4室3厅 南,天河,珠江新城东,263.09,南,4室3厅3卫,21150
整租·擎山苑 2室1厅 东南/南,白云,梅花园,85.0,东,2室1厅1卫,4000
整租·富力泉天下 8室2厅 东南/南,从化,温泉镇,410.0,东,8室2厅4卫,12000
整租·星河山海湾 4室2厅 东/东南,南沙,南沙港,136.0,东,4室2厅2卫,3350
整租·广州敏捷绿湖首府 3室2厅 北,增城,石滩镇,84.0,北,3室2厅1卫,1000
整租·合景睿峰L7 1室0厅 东南,天河,珠江新城东,12.0,东,1室0厅0卫,2500
整租·富力半岛 1室0厅 东,白云,罗冲围,12.0,东,1室0厅0卫,850
整租·白马花园 2室2厅 南,天河,员村,68.0,南,2室2厅1卫,2000
整租·金沙湾花园 5室2厅 南,番禺,沙湾,182.0,南,5室2厅2卫,3500
整租·新世界嘉云府 1室0厅 南/北,白云,嘉禾望岗,12.0,南,1室0厅0卫,900
整租·南沙湾御苑 4室2厅 南/北,南沙,南沙港,134.0,南,4室2厅2卫,1800
合租·南粤阁 2居室 东南/南卧,天河,林和,20.0,东,2室1厅1卫,1900
整租·顺德碧桂园彩虹居 4室2厅 复式 南/北,番禺,顺德碧桂园,186.3,南,4室2厅4卫,8500
整租·岭南新世界 1室0厅 东,白云,嘉禾望岗,12.5,东,1室0厅0卫,950
整租·越秀中路 1室0厅 南,越秀,农讲所,21.0,南,1室0厅1卫,1700
整租·中建弘阳德信湾璟壹号 4室1厅 东南,南沙,万顷沙,108.0,东,4室1厅1卫,2350
整租·广州雅居乐花园雅逸庭 1室0厅 东南,番禺,雅居乐,11.8,东,1室0厅0卫,350
整租·远洋天骄广场 1室1厅 东南,天河,天河客运站,68.0,东,1室1厅1卫,3800
整租·富力爱丁堡国际公寓 1室1厅 东,天河,珠江新城西,91.0,东,1室1厅1卫,10000
整租·东方夏湾拿 4室2厅 复式 南,从化,太平镇,268.59,南,4室2厅5卫,1200
整租·海棠花园(天河) 2室2厅 北,天河,棠下,100.0,北,2室2厅1卫,3400
整租·广州渔人码头SOHO54公寓 1室1厅 南,番禺,洛溪,43.0,南,1室1厅1卫,2380
整租·保利大都汇 2室2厅 北,番禺,汉溪长隆,68.0,北,2室2厅2卫,4800
整租·凯旋新世界枫丹丽舍 1室1厅 西南/北,天河,珠江新城东,100.78,西,1室1厅1卫,11000
整租·三育路 3室2厅 南/北,越秀,东山口,79.0,南,3室2厅1卫,5000
整租·南沙万达广场 1室1厅 西,南沙,金洲,180.0,西,1室1厅1卫,6100
整租·保利金融大都汇 1室1厅 南,天河,金融城,53.0,南,1室1厅1卫,4200
整租·琶洲新村公寓 1室0厅 东/南,海珠,琶洲东,38.0,东,1室0厅1卫,3300
整租·南沙碧桂园 4室2厅 南,南沙,金洲,128.0,南,4室2厅2卫,2500
整租·富力泉天下 5室2厅 复式 东南,从化,温泉镇,166.0,东,5室2厅3卫,2700
整租·华南御景园 1室0厅 南,天河,岑村,12.25,南,1室0厅0卫,500
整租·粤海丽江花园 4室1厅 南,天河,珠江新城东,197.0,南,4室1厅1卫,20000
整租·富力泉天下 1室0厅 东南,从化,温泉镇,45.0,东,1室0厅1卫,1000
整租·保利半岛 4室2厅 南/北,南沙,黄阁,139.0,南,4室2厅3卫,3500
整租·富力泉天下 1室0厅 东南,从化,温泉镇,45.0,东,1室0厅1卫,1000
整租·富力环市西苑 2室1厅 北,荔湾,西村,69.0,北,2室1厅1卫,4500
整租·新世界逸彩庭园 5室2厅 复式 东北,荔湾,滘口,180.0,东,5室2厅3卫,6000
整租·万科海上传奇 2室1厅 复式 西北/北,荔湾,芳村,36.0,西,2室1厅1卫,3400
整租·侨建御溪谷北区 5室1厅 复式 南,增城,中新镇,368.0,南,5室1厅4卫,6000
整租·方圆月岛轩 1室0厅 东,天河,珠江新城中,12.98,东,1室0厅0卫,1400
整租·骏汇大厦 3室1厅 南/西/北,天河,天河南,116.86,南,3室1厅2卫,8275
整租·实地蔷薇国际 3室2厅 东南,增城,荔城西区,96.0,东,3室2厅2卫,2000
整租·中山五路 2室1厅 南,越秀,公园前,33.0,南,2室1厅1卫,3000
整租·骏汇大厦 2室1厅 东/西/西北/北,天河,天河南,83.28,东,2室1厅1卫,6225
整租·碧桂园天玺湾 3室2厅 南,南沙,进港大道,89.0,南,3室2厅1卫,1700
整租·南沙珠江湾 4室2厅 南,南沙,南沙湾,99.0,南,4室2厅2卫,2800
整租·翠城花园 1室0厅 东南,海珠,江燕路,12.0,东,1室0厅0卫,1300
整租·锦绣香江花园芙蓉园 6室2厅 南,番禺,汉溪长隆,665.1,南,6室2厅4卫,60000
整租·敏捷尚品国际 2室2厅 北,南沙,进港大道,59.0,北,2室2厅1卫,1454
整租·商业大道 3室2厅 南,花都,旧区,120.0,南,3室2厅1卫,1200
整租·同和街综治信访维稳中心宿舍楼 3室2厅 南,白云,同和,95.0,南,3室2厅1卫,2700
整租·广州绿地中央广场 1室1厅 南,黄埔,科学城,53.0,南,1室1厅1卫,3100
整租·沙和路 3室1厅 东南,天河,沙河,74.8,东,3室1厅1卫,1840
整租·建设北路 3室2厅 南,花都,旧区,63.0,南,3室2厅1卫,800
整租·淘金路 1室1厅 南,越秀,淘金,28.0,南,1室1厅1卫,2100
整租·先烈中路 1室1厅 东,越秀,黄花岗,40.0,东,1室1厅1卫,2800
整租·南沙珠江湾 3室2厅 南,南沙,南沙湾,143.71,南,3室2厅2卫,2500
整租·六二三路 1室1厅 南,荔湾,和平西,57.0,南,1室1厅1卫,3500
整租·珠江花城一二期 5室2厅 南,天河,黄村,139.0,南,5室2厅2卫,7200
整租·中交汇通中心 1室1厅 东南/南,南沙,明珠湾,48.0,东,1室1厅1卫,2000
整租·中交汇通中心 1室0厅 东南,南沙,明珠湾,50.0,东,1室0厅1卫,1800
整租·富力公园28 4室3厅 南,天河,珠江新城东,263.09,南,4室3厅3卫,21150
整租·擎山苑 2室1厅 东南/南,白云,梅花园,85.0,东,2室1厅1卫,4000
title,area,detailplace,square,position,roomtype,price
整租·达道路 2室1厅 南,越秀,东山口,55.3,南,2室1厅1卫,5344
合租·穗园小区 4居室 东卧,天河,天润路,10.0,东,4室1厅1卫,1396
合租·吉祥北园B区 4居室 东北卧,番禺,洛溪,7.48,东,4室1厅1卫,1113
整租·南航碧花园 3室2厅 南,花都,狮岭镇,150.0,南,3室2厅2卫,2250
合租·第三金碧花园 4居室 西卧,海珠,金碧,7.1,西,4室1厅2卫,1354
整租·城投·首筑花园 3室2厅 南,南沙,横沥,104.0,南,3室2厅2卫,2500
合租·逸景翠园 4居室 南卧,海珠,广州大道南,5.1,南,4室1厅2卫,1218
整租·岭南新世界 1室1厅 南,白云,嘉禾望岗,12.0,南,1室1厅0卫,900
合租·永福路永福西约 4居室 南卧,越秀,黄花岗,20.0,南,4室0厅1卫,1580
整租·农林下横路 2室1厅 南,越秀,东山口,70.0,南,2室1厅1卫,7000
合租·美的江上沄启 2居室 西北卧,南沙,明珠湾,30.0,西,2室2厅2卫,1000
整租·公路局大院 3室2厅 南,天河,沙河,100.0,南,3室2厅1卫,5000
整租·侨怡苑 3室1厅 南,天河,体育中心,77.0,南,3室1厅1卫,4400
合租·赛拉维 4居室 西卧,天河,员村,20.77,西,4室1厅2卫,2614
整租·碧桂园豪园林湖苑 3室1厅 北,增城,增城碧桂园,118.0,北,3室1厅2卫,1600
整租·物勘院住宅区 3室1厅 南,花都,旧区,52.05,南,3室1厅1卫,900
合租·海印南苑 4居室 南卧,海珠,东晓路,8.8,南,4室1厅1卫,1291
合租·白云尚城 4居室 西卧,白云,江夏,11.0,西,4室1厅1卫,1533
整租·御溪世家 3室2厅 南,增城,中新镇,86.8,南,3室2厅2卫,2000
合租·东方名都花园 4居室 东卧,增城,白江,8.4,东,4室1厅1卫,934
合租·骏景花园 4居室 北卧,天河,棠下,14.89,北,4室1厅2卫,1848
合租·美林湖畔花园 4居室 南卧,天河,东圃,16.6,南,4室1厅1卫,2268
整租·新港中路 2室1厅 西北,海珠,赤岗,53.0,西,2室1厅1卫,2700
合租·金燕花园 4居室 北卧,天河,燕塘,7.5,北,4室1厅2卫,1669
整租·龙津世家 3室1厅 东南/南,荔湾,龙津,135.0,东,3室1厅2卫,10000
合租·南国奥园 4居室 东南卧,番禺,汉溪长隆,7.7,东,4室1厅2卫,1186
整租·保利南沙天汇 3室2厅 南,南沙,黄阁,94.0,南,3室2厅2卫,2200
整租·南沙珠江湾 4室2厅 南/北,南沙,南沙湾,145.0,南,4室2厅2卫,2700
整租·昌岗东路 1室0厅 南,海珠,昌岗,30.0,南,1室0厅1卫,1300
合租·骏景花园 5居室 北卧,天河,棠下,20.55,北,5室1厅3卫,2194
合租·信基玥岛 3居室 西北卧,番禺,厦滘,30.0,西,3室2厅2卫,1900
整租·南沙湾石奥 1室1厅 南,南沙,南沙港,48.95,南,1室1厅1卫,2500
整租·大华城东瀚 3室1厅 南,增城,朱村,75.0,南,3室1厅1卫,1900
整租·金雅苑 1室1厅 错层 北,海珠,滨江东,37.0,北,1室1厅1卫,2000
整租·广州融创文旅城商务公寓 1室1厅 东,花都,花城街,46.0,东,1室1厅1卫,1800
合租·金泽大厦 3居室 东南卧,天河,天河南,30.0,东,3室1厅1卫,3500
整租·珠江华景里 1室2厅 复式 西,天河,华景新城,44.0,西,1室2厅2卫,4300
整租·阳光城丽景半岛 3室2厅 南,南沙,进港大道,108.0,南,3室2厅2卫,2800
合租·金泽大厦 5居室 南卧,天河,天河南,30.0,南,5室0厅1卫,3400
合租·中山三院宿舍 3居室 东南卧,天河,石牌,30.0,东,3室0厅1卫,3180
合租·吉祥道 6居室 南卧,番禺,洛溪,20.0,南,6室0厅6卫,600
整租·广州融创文旅城商务公寓 1室1厅 西,花都,花城街,46.0,西,1室1厅1卫,1800
整租·番禺招商金山谷意库 1室1厅 南,番禺,金山谷,37.88,南,1室1厅1卫,1680
整租·富力东堤湾 2室1厅 东/西,越秀,杨箕,81.75,东,2室1厅1卫,6800
整租·奥园城市天地 2室1厅 南/北,番禺,汉溪长隆,48.0,南,2室1厅1卫,3800
整租·骏威锦东花园A区 4室2厅 南,花都,新区,188.0,南,4室2厅3卫,13000
整租·燕子岗路 1室1厅 东,海珠,江燕路,50.0,东,1室1厅1卫,2300
整租·三荣大厦 2室1厅 南,越秀,淘金,67.0,南,2室1厅1卫,4200
整租·品湖雅居 1室1厅 北,荔湾,流花站前,50.0,北,1室1厅1卫,2300
整租·越秀滨海隽城 3室1厅 南/北,南沙,金洲,89.0,南,3室1厅1卫,2200
合租·信基玥岛 3居室 西北卧,番禺,厦滘,30.0,西,3室2厅2卫,1900
整租·南沙湾石奥 1室1厅 南,南沙,南沙港,48.95,南,1室1厅1卫,2500
整租·大华城东瀚 3室1厅 南,增城,朱村,75.0,南,3室1厅1卫,1900
整租·金雅苑 1室1厅 错层 北,海珠,滨江东,37.0,北,1室1厅1卫,2000
整租·广州融创文旅城商务公寓 1室1厅 东,花都,花城街,46.0,东,1室1厅1卫,1800
合租·金泽大厦 3居室 东南卧,天河,天河南,30.0,东,3室1厅1卫,3500
整租·珠江华景里 1室2厅 复式 西,天河,华景新城,44.0,西,1室2厅2卫,4300
整租·阳光城丽景半岛 3室2厅 南,南沙,进港大道,108.0,南,3室2厅2卫,2800
合租·金泽大厦 5居室 南卧,天河,天河南,30.0,南,5室0厅1卫,3400
合租·中山三院宿舍 3居室 东南卧,天河,石牌,30.0,东,3室0厅1卫,3180
合租·吉祥道 6居室 南卧,番禺,洛溪,20.0,南,6室0厅6卫,600
整租·广州融创文旅城商务公寓 1室1厅 西,花都,花城街,46.0,西,1室1厅1卫,1800
整租·番禺招商金山谷意库 1室1厅 南,番禺,金山谷,37.88,南,1室1厅1卫,1680
整租·富力东堤湾 2室1厅 东/西,越秀,杨箕,81.75,东,2室1厅1卫,6800
整租·奥园城市天地 2室1厅 南/北,番禺,汉溪长隆,48.0,南,2室1厅1卫,3800
整租·骏威锦东花园A区 4室2厅 南,花都,新区,188.0,南,4室2厅3卫,13000
整租·燕子岗路 1室1厅 东,海珠,江燕路,50.0,东,1室1厅1卫,2300
整租·三荣大厦 2室1厅 南,越秀,淘金,67.0,南,2室1厅1卫,4200
整租·品湖雅居 1室1厅 北,荔湾,流花站前,50.0,北,1室1厅1卫,2300
整租·越秀滨海隽城 3室1厅 南/北,南沙,金洲,89.0,南,3室1厅1卫,2200
整租·南沙金茂湾 5室2厅 南/北,南沙,明珠湾,245.0,南,5室2厅1卫,13000
整租·康乐园 3室1厅 南,番禺,市桥,86.0,南,3室1厅1卫,2950
整租·广州足球公园 2室2厅 南,番禺,钟村,67.28,南,2室2厅1卫,3500
整租·万科桃源里 4室2厅 复式 南/北,增城,派潭镇,88.0,南,4室2厅4卫,2000
整租·碧桂园星港国际 2室1厅 南,花都,新区,57.0,南,2室1厅1卫,2000
整租·南航碧花园 3室2厅 南,花都,狮岭镇,150.0,南,3室2厅2卫,2250
整租·城投·首筑花园 3室2厅 南,南沙,横沥,104.0,南,3室2厅2卫,2500
整租·岭南新世界 1室1厅 南,白云,嘉禾望岗,12.0,南,1室1厅0卫,900
合租·永福路永福西约 4居室 南卧,越秀,黄花岗,20.0,南,4室0厅1卫,1580
整租·农林下横路 2室1厅 南,越秀,东山口,70.0,南,2室1厅1卫,7000
合租·美的江上沄启 2居室 西北卧,南沙,明珠湾,30.0,西,2室2厅2卫,1000
整租·公路局大院 3室2厅 南,天河,沙河,100.0,南,3室2厅1卫,5000
整租·侨怡苑 3室1厅 南,天河,体育中心,77.0,南,3室1厅1卫,4400
整租·碧桂园豪园林湖苑 3室1厅 北,增城,增城碧桂园,118.0,北,3室1厅2卫,1600
整租·物勘院住宅区 3室1厅 南,花都,旧区,52.05,南,3室1厅1卫,900
整租·御溪世家 3室2厅 南,增城,中新镇,86.8,南,3室2厅2卫,2000
整租·新港中路 2室1厅 西北,海珠,赤岗,53.0,西,2室1厅1卫,2700
整租·龙津世家 3室1厅 东南/南,荔湾,龙津,135.0,东,3室1厅2卫,10000
整租·保利南沙天汇 3室2厅 南,南沙,黄阁,94.0,南,3室2厅2卫,2200
整租·南沙珠江湾 4室2厅 南/北,南沙,南沙湾,145.0,南,4室2厅2卫,2700
整租·昌岗东路 1室0厅 南,海珠,昌岗,30.0,南,1室0厅1卫,1300
整租·碧桂园豪园翠湖苑 3室1厅 南,增城,增城碧桂园,92.0,南,3室1厅2卫,1500
合租·荔湾新天地 4居室 东卧,荔湾,广钢新城,21.12,东,4室1厅2卫,1774
整租·南航碧花园 3室2厅 南,花都,狮岭镇,150.0,南,3室2厅2卫,2250
整租·城投·首筑花园 3室2厅 南,南沙,横沥,104.0,南,3室2厅2卫,2500
整租·岭南新世界 1室1厅 南,白云,嘉禾望岗,12.0,南,1室1厅0卫,900
合租·永福路永福西约 4居室 南卧,越秀,黄花岗,20.0,南,4室0厅1卫,1580
整租·农林下横路 2室1厅 南,越秀,东山口,70.0,南,2室1厅1卫,7000
合租·美的江上沄启 2居室 西北卧,南沙,明珠湾,30.0,西,2室2厅2卫,1000
整租·公路局大院 3室2厅 南,天河,沙河,100.0,南,3室2厅1卫,5000
整租·侨怡苑 3室1厅 南,天河,体育中心,77.0,南,3室1厅1卫,4400
整租·碧桂园豪园林湖苑 3室1厅 北,增城,增城碧桂园,118.0,北,3室1厅2卫,1600
整租·物勘院住宅区 3室1厅 南,花都,旧区,52.05,南,3室1厅1卫,900
整租·御溪世家 3室2厅 南,增城,中新镇,86.8,南,3室2厅2卫,2000
整租·新港中路 2室1厅 西北,海珠,赤岗,53.0,西,2室1厅1卫,2700
整租·龙津世家 3室1厅 东南/南,荔湾,龙津,135.0,东,3室1厅2卫,10000
合租·富豪山庄 5居室 北卧,番禺,富豪山庄,8.6,北,5室1厅3卫,1186
整租·保利南沙天汇 3室2厅 南,南沙,黄阁,94.0,南,3室2厅2卫,2200
整租·南沙珠江湾 4室2厅 南/北,南沙,南沙湾,145.0,南,4室2厅2卫,2700
整租·昌岗东路 1室0厅 南,海珠,昌岗,30.0,南,1室0厅1卫,1300
整租·碧桂园豪园翠湖苑 3室1厅 南,增城,增城碧桂园,92.0,南,3室1厅2卫,1500
整租·誉山国际13期誉璟公寓 1室1厅 北,增城,永宁,32.0,北,1室1厅1卫,880
整租·东方新世界 1室0厅 东,天河,天河公园,12.0,东,1室0厅0卫,1500
整租·美的江上沄启 3室2厅 西北,南沙,明珠湾,98.0,西,3室2厅2卫,2700
合租·信基玥岛 3居室 西北卧,番禺,厦滘,30.0,西,3室2厅2卫,1900
整租·南沙湾石奥 1室1厅 南,南沙,南沙港,48.95,南,1室1厅1卫,2500
整租·大华城东瀚 3室1厅 南,增城,朱村,75.0,南,3室1厅1卫,1900
整租·金雅苑 1室1厅 错层 北,海珠,滨江东,37.0,北,1室1厅1卫,2000
整租·广州融创文旅城商务公寓 1室1厅 东,花都,花城街,46.0,东,1室1厅1卫,1800
合租·金泽大厦 3居室 东南卧,天河,天河南,30.0,东,3室1厅1卫,3500
整租·珠江华景里 1室2厅 复式 西,天河,华景新城,44.0,西,1室2厅2卫,4300
整租·阳光城丽景半岛 3室2厅 南,南沙,进港大道,108.0,南,3室2厅2卫,2800
合租·金泽大厦 5居室 南卧,天河,天河南,30.0,南,5室0厅1卫,3400
合租·中山三院宿舍 3居室 东南卧,天河,石牌,30.0,东,3室0厅1卫,3180
合租·吉祥道 6居室 南卧,番禺,洛溪,20.0,南,6室0厅6卫,600
整租·广州融创文旅城商务公寓 1室1厅 西,花都,花城街,46.0,西,1室1厅1卫,1800
整租·番禺招商金山谷意库 1室1厅 南,番禺,金山谷,37.88,南,1室1厅1卫,1680
整租·富力东堤湾 2室1厅 东/西,越秀,杨箕,81.75,东,2室1厅1卫,6800
整租·奥园城市天地 2室1厅 南/北,番禺,汉溪长隆,48.0,南,2室1厅1卫,3800
整租·骏威锦东花园A区 4室2厅 南,花都,新区,188.0,南,4室2厅3卫,13000
整租·燕子岗路 1室1厅 东,海珠,江燕路,50.0,东,1室1厅1卫,2300
整租·三荣大厦 2室1厅 南,越秀,淘金,67.0,南,2室1厅1卫,4200
整租·品湖雅居 1室1厅 北,荔湾,流花站前,50.0,北,1室1厅1卫,2300
整租·越秀滨海隽城 3室1厅 南/北,南沙,金洲,89.0,南,3室1厅1卫,2200
整租·南沙金茂湾 5室2厅 南/北,南沙,明珠湾,245.0,南,5室2厅1卫,13000
整租·康乐园 3室1厅 南,番禺,市桥,86.0,南,3室1厅1卫,2950
整租·广州足球公园 2室2厅 南,番禺,钟村,67.28,南,2室2厅1卫,3500
合租·信基玥岛 3居室 西北卧,番禺,厦滘,30.0,西,3室2厅2卫,1900
整租·南沙湾石奥 1室1厅 南,南沙,南沙港,48.95,南,1室1厅1卫,2500
整租·大华城东瀚 3室1厅 南,增城,朱村,75.0,南,3室1厅1卫,1900
整租·金雅苑 1室1厅 错层 北,海珠,滨江东,37.0,北,1室1厅1卫,2000
整租·广州融创文旅城商务公寓 1室1厅 东,花都,花城街,46.0,东,1室1厅1卫,1800
合租·金泽大厦 3居室 东南卧,天河,天河南,30.0,东,3室1厅1卫,3500
整租·珠江华景里 1室2厅 复式 西,天河,华景新城,44.0,西,1室2厅2卫,4300
整租·阳光城丽景半岛 3室2厅 南,南沙,进港大道,108.0,南,3室2厅2卫,2800
合租·金泽大厦 5居室 南卧,天河,天河南,30.0,南,5室0厅1卫,3400
合租·中山三院宿舍 3居室 东南卧,天河,石牌,30.0,东,3室0厅1卫,3180
合租·吉祥道 6居室 南卧,番禺,洛溪,20.0,南,6室0厅6卫,600
整租·广州融创文旅城商务公寓 1室1厅 西,花都,花城街,46.0,西,1室1厅1卫,1800
整租·番禺招商金山谷意库 1室1厅 南,番禺,金山谷,37.88,南,1室1厅1卫,1680
整租·富力东堤湾 2室1厅 东/西,越秀,杨箕,81.75,东,2室1厅1卫,6800
整租·奥园城市天地 2室1厅 南/北,番禺,汉溪长隆,48.0,南,2室1厅1卫,3800
整租·骏威锦东花园A区 4室2厅 南,花都,新区,188.0,南,4室2厅3卫,13000
整租·燕子岗路 1室1厅 东,海珠,江燕路,50.0,东,1室1厅1卫,2300
整租·三荣大厦 2室1厅 南,越秀,淘金,67.0,南,2室1厅1卫,4200
整租·品湖雅居 1室1厅 北,荔湾,流花站前,50.0,北,1室1厅1卫,2300
整租·越秀滨海隽城 3室1厅 南/北,南沙,金洲,89.0,南,3室1厅1卫,2200
整租·南沙金茂湾 5室2厅 南/北,南沙,明珠湾,245.0,南,5室2厅1卫,13000
整租·绿地城凤语湾 4室2厅 南/北,黄埔,知识城,142.0,南,4室2厅2卫,3600
整租·合景天峻 1室1厅 北,黄埔,知识城,45.0,北,1室1厅1卫,1850
整租·保利天汇一期 3室2厅 南,天河,黄村,88.0,南,3室2厅2卫,6200
整租·招商臻园 2室1厅 南,增城,新塘北,75.0,南,2室1厅1卫,2200
整租·人盛巴厘天地 3室2厅 东北,从化,神岗镇,101.38,东,3室2厅1卫,1300
整租·越秀滨海汇 1室1厅 北,南沙,金洲,47.0,北,1室1厅0卫,1700
整租·芳村大道西 1室0厅 东,荔湾,滘口,28.0,东,1室0厅1卫,2180
整租·越秀滨海汇 1室1厅 北,南沙,金洲,47.0,北,1室1厅0卫,1700
整租·中交汇通中心 1室1厅 南,南沙,明珠湾,83.0,南,1室1厅1卫,2000
整租·璟泰大厦 2室1厅 东南,越秀,五羊新城,87.0,东,2室1厅1卫,8800
整租·美的江上沄启 2室1厅 北,南沙,明珠湾,97.0,北,2室1厅2卫,2000
整租·芳村大道西 1室1厅 南,荔湾,滘口,25.0,南,1室1厅1卫,1880
整租·富力悦禧花园 3室2厅 南,黄埔,开发东区,87.0,南,3室2厅1卫,2380
整租·中交汇通中心 1室1厅 南,南沙,明珠湾,48.0,南,1室1厅1卫,1600
整租·越秀滨海汇 1室1厅 北,南沙,金洲,90.0,北,1室1厅0卫,3100
整租·越秀滨海汇 1室1厅 北,南沙,金洲,90.0,北,1室1厅0卫,3100
整租·保利林语山庄 3室2厅 东,黄埔,科学城,123.33,东,3室2厅2卫,4000
整租·越秀滨海汇 1室1厅 北,南沙,金洲,47.0,北,1室1厅0卫,1700
合租·信基玥岛 3居室 西北卧,番禺,厦滘,30.0,西,3室2厅2卫,1900
整租·南沙湾石奥 1室1厅 南,南沙,南沙港,48.95,南,1室1厅1卫,2500
整租·大华城东瀚 3室1厅 南,增城,朱村,75.0,南,3室1厅1卫,1900
整租·金雅苑 1室1厅 错层 北,海珠,滨江东,37.0,北,1室1厅1卫,2000
整租·广州融创文旅城商务公寓 1室1厅 东,花都,花城街,46.0,东,1室1厅1卫,1800
合租·金泽大厦 3居室 东南卧,天河,天河南,30.0,东,3室1厅1卫,3500
整租·珠江华景里 1室2厅 复式 西,天河,华景新城,44.0,西,1室2厅2卫,4300
整租·阳光城丽景半岛 3室2厅 南,南沙,进港大道,108.0,南,3室2厅2卫,2800
合租·金泽大厦 5居室 南卧,天河,天河南,30.0,南,5室0厅1卫,3400
合租·中山三院宿舍 3居室 东南卧,天河,石牌,30.0,东,3室0厅1卫,3180
合租·吉祥道 6居室 南卧,番禺,洛溪,20.0,南,6室0厅6卫,600
整租·广州融创文旅城商务公寓 1室1厅 西,花都,花城街,46.0,西,1室1厅1卫,1800
整租·番禺招商金山谷意库 1室1厅 南,番禺,金山谷,37.88,南,1室1厅1卫,1680
整租·富力东堤湾 2室1厅 东/西,越秀,杨箕,81.75,东,2室1厅1卫,6800
整租·奥园城市天地 2室1厅 南/北,番禺,汉溪长隆,48.0,南,2室1厅1卫,3800
整租·骏威锦东花园A区 4室2厅 南,花都,新区,188.0,南,4室2厅3卫,13000
整租·燕子岗路 1室1厅 东,海珠,江燕路,50.0,东,1室1厅1卫,2300
整租·三荣大厦 2室1厅 南,越秀,淘金,67.0,南,2室1厅1卫,4200
整租·南航碧花园 3室2厅 南,花都,狮岭镇,150.0,南,3室2厅2卫,2250
整租·城投·首筑花园 3室2厅 南,南沙,横沥,104.0,南,3室2厅2卫,2500
整租·岭南新世界 1室1厅 南,白云,嘉禾望岗,12.0,南,1室1厅0卫,900
合租·永福路永福西约 4居室 南卧,越秀,黄花岗,20.0,南,4室0厅1卫,1580
整租·农林下横路 2室1厅 南,越秀,东山口,70.0,南,2室1厅1卫,7000
合租·美的江上沄启 2居室 西北卧,南沙,明珠湾,30.0,西,2室2厅2卫,1000
整租·公路局大院 3室2厅 南,天河,沙河,100.0,南,3室2厅1卫,5000
整租·侨怡苑 3室1厅 南,天河,体育中心,77.0,南,3室1厅1卫,4400
整租·碧桂园豪园林湖苑 3室1厅 北,增城,增城碧桂园,118.0,北,3室1厅2卫,1600
整租·物勘院住宅区 3室1厅 南,花都,旧区,52.05,南,3室1厅1卫,900
整租·御溪世家 3室2厅 南,增城,中新镇,86.8,南,3室2厅2卫,2000
整租·新港中路 2室1厅 西北,海珠,赤岗,53.0,西,2室1厅1卫,2700
整租·龙津世家 3室1厅 东南/南,荔湾,龙津,135.0,东,3室1厅2卫,10000
整租·保利南沙天汇 3室2厅 南,南沙,黄阁,94.0,南,3室2厅2卫,2200
整租·南沙珠江湾 4室2厅 南/北,南沙,南沙湾,145.0,南,4室2厅2卫,2700
整租·昌岗东路 1室0厅 南,海珠,昌岗,30.0,南,1室0厅1卫,1300
整租·碧桂园豪园翠湖苑 3室1厅 南,增城,增城碧桂园,92.0,南,3室1厅2卫,1500
整租·誉山国际13期誉璟公寓 1室1厅 北,增城,永宁,32.0,北,1室1厅1卫,880
整租·东方新世界 1室0厅 东,天河,天河公园,12.0,东,1室0厅0卫,1500
整租·美的江上沄启 3室2厅 西北,南沙,明珠湾,98.0,西,3室2厅2卫,2700
整租·龙湖双珑原著 4室2厅 南,黄埔,知识城,126.0,南,4室2厅2卫,6200
整租·富力金港城西区  3室2厅 南,花都,花东镇,111.0,南,3室2厅2卫,2248
title,area,detailplace,square,position,roomtype,price
整租·宝岗大道 3室2厅 南/北,海珠,宝岗,98.0,南,3室2厅1卫,3700
整租·骏逸湖畔花苑 4室2厅 南/北,从化,太平镇,170.0,南,4室2厅2卫,2800
整租·百灵路 1室1厅 北,越秀,盘福,25.0,北,1室1厅1卫,1400
整租·南沙金茂湾 2室1厅 西南,南沙,明珠湾,54.0,西,2室1厅2卫,2500
整租·实地常春藤 5室2厅 南/北,黄埔,黄埔永和,138.0,南,5室2厅2卫,2600
整租·盘福路 3室1厅 南,越秀,盘福,50.0,南,3室1厅1卫,3500
整租·荔湾新天地 2室1厅 南,荔湾,广钢新城,46.0,南,2室1厅1卫,4500
整租·正佳东方国际 1室1厅 南,越秀,淘金,210.0,南,1室1厅1卫,19500
整租·金地香山湖香汇花园 4室2厅 南,增城,永宁,128.0,南,4室2厅2卫,1900
整租·中冠大厦 1室1厅 东,越秀,五羊新城,35.0,东,1室1厅1卫,4100
整租·祥景花园B区 3室2厅 南,白云,黄石,103.0,南,3室2厅2卫,4500
整租·中冠大厦 1室1厅 西南,越秀,五羊新城,35.0,西,1室1厅1卫,4100
整租·晓港湾 1室1厅 东,海珠,东晓南,30.0,东,1室1厅1卫,1800
整租·西关海 1室0厅 东,荔湾,南岸路,13.0,东,1室0厅0卫,1000
整租·敏捷上城商务中心 3室1厅 东南,番禺,万博,90.0,东,3室1厅2卫,5800
整租·领峰园 3室2厅 南,天河,珠江新城中,160.0,南,3室2厅2卫,17800
title,area,detailplace,square,position,roomtype,price
整租·萝岗敏捷广场 2室2厅 东,黄埔,科学城,61.0,东,2室2厅1卫,2000
整租·广垦天河1号 1室1厅 北,天河,沙太南,36.0,北,1室1厅1卫,3500
整租·时代中国时代天韵 3室2厅 北,黄埔,知识城,115.0,北,3室2厅2卫,3500
整租·南沙金茂湾 3室2厅 东,南沙,明珠湾,97.0,东,3室2厅2卫,4470
整租·农林下路 1室1厅 东,越秀,东风东,38.89,东,1室1厅1卫,3200
整租·金碧新城 3室1厅 西南,白云,石井,88.0,西,3室1厅1卫,4000
整租·恒大阳光半岛 3室2厅 南,南沙,万顷沙,99.0,南,3室2厅2卫,1900
整租·五羊宿舍 3室1厅 南/北,天河,天河公园,65.0,南,3室1厅1卫,3600
整租·隆辉创意公馆  1室1厅 北,番禺,钟村,72.0,北,1室1厅1卫,2000
整租·南国花园 4室2厅 南/北,天河,珠江新城东,151.0,南,4室2厅2卫,13000
整租·大德路 1室0厅 北,越秀,解放南,30.0,北,1室0厅1卫,3000
整租·来福园 3室1厅 南,番禺,市桥,100.0,南,3室1厅1卫,2300
整租·沙园路(海珠) 1室1厅 东,海珠,沙园,38.0,东,1室1厅1卫,2200
整租·颐和雅轩 1室1厅 东南,越秀,小北,47.0,东,1室1厅1卫,4800
整租·侨怡苑 2室2厅 东/南,天河,体育中心,59.0,东,2室2厅1卫,3600
整租·恒大山水城 4室2厅 南,增城,中新镇,149.54,南,4室2厅2卫,2340
整租·城启荔港南湾 1室0厅 东,荔湾,南岸路,19.0,东,1室0厅0卫,1200
整租·粤海广场 1室1厅 东,番禺,万博,64.0,东,1室1厅1卫,4700
整租·东鸣轩 3室2厅 西北,越秀,农讲所,140.0,西,3室2厅2卫,10700
整租·宝岗大道 3室2厅 南/北,海珠,宝岗,98.0,南,3室2厅1卫,3700
整租·骏逸湖畔花苑 4室2厅 南/北,从化,太平镇,170.0,南,4室2厅2卫,2800
整租·百灵路 1室1厅 北,越秀,盘福,25.0,北,1室1厅1卫,1400
整租·南沙金茂湾 2室1厅 西南,南沙,明珠湾,54.0,西,2室1厅2卫,2500
整租·实地常春藤 5室2厅 南/北,黄埔,黄埔永和,138.0,南,5室2厅2卫,2600
整租·盘福路 3室1厅 南,越秀,盘福,50.0,南,3室1厅1卫,3500
整租·荔湾新天地 2室1厅 南,荔湾,广钢新城,46.0,南,2室1厅1卫,4500
整租·正佳东方国际 1室1厅 南,越秀,淘金,210.0,南,1室1厅1卫,19500
整租·金地香山湖香汇花园 4室2厅 南,增城,永宁,128.0,南,4室2厅2卫,1900
整租·中冠大厦 1室1厅 东,越秀,五羊新城,35.0,东,1室1厅1卫,4100
整租·祥景花园B区 3室2厅 南,白云,黄石,103.0,南,3室2厅2卫,4500
整租·中冠大厦 1室1厅 西南,越秀,五羊新城,35.0,西,1室1厅1卫,4100
整租·晓港湾 1室1厅 东,海珠,东晓南,30.0,东,1室1厅1卫,1800
整租·西关海 1室0厅 东,荔湾,南岸路,13.0,东,1室0厅0卫,1000
整租·敏捷上城商务中心 3室1厅 东南,番禺,万博,90.0,东,3室1厅2卫,5800
整租·领峰园 3室2厅 南,天河,珠江新城中,160.0,南,3室2厅2卫,17800
整租·时代风华 1室1厅 南,增城,新塘北,33.0,南,1室1厅1卫,1600
整租·人和丽景苑 4室4厅 西南,白云,人和,180.0,西,4室4厅2卫,6000
整租·天伦东时区 3室1厅 东,黄埔,黄埔区府,90.0,东,3室1厅1卫,3720
整租·越秀花苑大厦 1室0厅 西,越秀,小北,25.0,西,1室0厅1卫,2500
整租·暨南大学宿舍 1室1厅 南,天河,石牌,45.0,南,1室1厅1卫,3000
整租·时代南湾 4室2厅 南,南沙,南沙港,179.0,南,4室2厅3卫,4000
整租·富力东山新天地公寓 1室0厅 北,越秀,五羊新城,50.0,北,1室0厅1卫,5300
整租·增城万达广场 1室0厅 北,增城,增城区府,53.0,北,1室0厅1卫,1312
整租·禺秀园 3室2厅 南/北,番禺,市桥,117.0,南,3室2厅2卫,3150
整租·峰境园 5室2厅 复式 南/北,花都,北兴镇,206.0,南,5室2厅3卫,5800
整租·长寿西路 2室1厅 东,荔湾,西关,40.0,东,2室1厅1卫,1900
整租·中海橡园国际 1室0厅 北,海珠,工业大道北,12.5,北,1室0厅0卫,1000
整租·南沙金茂湾 2室2厅 南,南沙,明珠湾,85.0,南,2室2厅1卫,3700
整租·悠山时光 3室2厅 南,南沙,南沙港,110.0,南,3室2厅2卫,2100
整租·富力泉天下 2室1厅 东南,从化,温泉镇,84.0,东,2室1厅1卫,1500
整租·时代印象 3室2厅 南,从化,太平镇,88.0,南,3室2厅2卫,1500
整租·奥园国际中心 1室1厅 南,番禺,万博,149.0,南,1室1厅1卫,11000
整租·越秀国际总部广场 3室2厅 东,南沙,金洲,63.0,东,3室2厅2卫,2100
整租·奥园国际中心 1室1厅 南,番禺,万博,149.0,南,1室1厅1卫,11000
整租·淘金家园一期 2室1厅 东,越秀,淘金,95.0,东,2室1厅1卫,5800
整租·岭南新世界 1室0厅 北,白云,嘉禾望岗,12.5,北,1室0厅0卫,1000
整租·碧桂园海湾1号 2室2厅 东南,南沙,南沙港,76.0,东,2室2厅1卫,2000
整租·嘉御豪庭 5室2厅 南,增城,石滩镇,130.0,南,5室2厅2卫,1500
整租·富力天海湾 3室2厅 南,南沙,明珠湾,98.0,南,3室2厅1卫,2200
整租·城投·首筑花园 3室2厅 东南,南沙,横沥,104.0,东,3室2厅2卫,2500
整租·尚东阳光 2室2厅 南,增城,沙村,86.0,南,2室2厅1卫,900
整租·黄埔万科中心 1室1厅 南,黄埔,文冲,34.0,南,1室1厅1卫,3000
整租·岭南新世界 1室0厅 南,白云,嘉禾望岗,11.49,南,1室0厅0卫,1000
整租·金燕花园 3室2厅 北,天河,燕塘,98.0,北,3室2厅2卫,4300
整租·南天广场 2室1厅 北,天河,珠江新城西,74.25,北,2室1厅1卫,5800
整租·恒大山水郡 3室2厅 南,增城,中新镇,112.0,南,3室2厅2卫,1350
整租·奥园中环广场 1室1厅 北,南沙,金洲,142.0,北,1室1厅0卫,3280
整租·小北路 2室1厅 东南,越秀,小北,36.35,东,2室1厅1卫,3500
整租·万科东荟城 1室0厅 东南,黄埔,香雪,12.0,东,1室0厅0卫,400
整租·宝华路(荔湾) 1室0厅 东南,荔湾,西关,140.0,东,1室0厅0卫,20000
整租·体育路 3室2厅 南,花都,旧区,113.0,南,3室2厅1卫,1000
整租·尚雅苑 3室1厅 南/北,天河,天河南,74.1,南,3室1厅2卫,6300
整租·鹤亭新村 3室1厅 东,白云,太和,110.0,东,3室1厅1卫,1200
整租·敏捷绿湖首府一期 2室2厅 北,增城,石滩镇,80.0,北,2室2厅1卫,1000
整租·万科金色城品 4室2厅 南,番禺,沙湾,118.0,南,4室2厅2卫,6000
整租·越秀花苑大厦 1室0厅 西,越秀,小北,25.0,西,1室0厅1卫,2500
整租·暨南大学宿舍 1室1厅 南,天河,石牌,45.0,南,1室1厅1卫,3000
整租·时代南湾 4室2厅 南,南沙,南沙港,179.0,南,4室2厅3卫,4000
整租·富力东山新天地公寓 1室0厅 北,越秀,五羊新城,50.0,北,1室0厅1卫,5300
整租·增城万达广场 1室0厅 北,增城,增城区府,53.0,北,1室0厅1卫,1312
整租·禺秀园 3室2厅 南/北,番禺,市桥,117.0,南,3室2厅2卫,3150
整租·峰境园 5室2厅 复式 南/北,花都,北兴镇,206.0,南,5室2厅3卫,5800
整租·长寿西路 2室1厅 东,荔湾,西关,40.0,东,2室1厅1卫,1900
整租·中海橡园国际 1室0厅 北,海珠,工业大道北,12.5,北,1室0厅0卫,1000
整租·南沙金茂湾 2室2厅 南,南沙,明珠湾,85.0,南,2室2厅1卫,3700
整租·悠山时光 3室2厅 南,南沙,南沙港,110.0,南,3室2厅2卫,2100
整租·富力泉天下 2室1厅 东南,从化,温泉镇,84.0,东,2室1厅1卫,1500
整租·时代印象 3室2厅 南,从化,太平镇,88.0,南,3室2厅2卫,1500
整租·奥园国际中心 1室1厅 南,番禺,万博,149.0,南,1室1厅1卫,11000
整租·越秀国际总部广场 3室2厅 东,南沙,金洲,63.0,东,3室2厅2卫,2100
整租·奥园国际中心 1室1厅 南,番禺,万博,149.0,南,1室1厅1卫,11000
整租·淘金家园一期 2室1厅 东,越秀,淘金,95.0,东,2室1厅1卫,5800
整租·岭南新世界 1室0厅 北,白云,嘉禾望岗,12.5,北,1室0厅0卫,1000
整租·鹅潭汇·SOHO 1室1厅 东南,荔湾,滘口,50.0,东,1室1厅1卫,1600
整租·越秀花苑大厦 1室0厅 西,越秀,小北,25.0,西,1室0厅1卫,2500
整租·暨南大学宿舍 1室1厅 南,天河,石牌,45.0,南,1室1厅1卫,3000
整租·时代南湾 4室2厅 南,南沙,南沙港,179.0,南,4室2厅3卫,4000
整租·富力东山新天地公寓 1室0厅 北,越秀,五羊新城,50.0,北,1室0厅1卫,5300
整租·增城万达广场 1室0厅 北,增城,增城区府,53.0,北,1室0厅1卫,1312
整租·禺秀园 3室2厅 南/北,番禺,市桥,117.0,南,3室2厅2卫,3150
整租·峰境园 5室2厅 复式 南/北,花都,北兴镇,206.0,南,5室2厅3卫,5800
整租·长寿西路 2室1厅 东,荔湾,西关,40.0,东,2室1厅1卫,1900
整租·中海橡园国际 1室0厅 北,海珠,工业大道北,12.5,北,1室0厅0卫,1000
整租·南沙金茂湾 2室2厅 南,南沙,明珠湾,85.0,南,2室2厅1卫,3700
整租·悠山时光 3室2厅 南,南沙,南沙港,110.0,南,3室2厅2卫,2100
整租·富力泉天下 2室1厅 东南,从化,温泉镇,84.0,东,2室1厅1卫,1500
整租·时代印象 3室2厅 南,从化,太平镇,88.0,南,3室2厅2卫,1500
整租·奥园国际中心 1室1厅 南,番禺,万博,149.0,南,1室1厅1卫,11000
整租·越秀国际总部广场 3室2厅 东,南沙,金洲,63.0,东,3室2厅2卫,2100
整租·奥园国际中心 1室1厅 南,番禺,万博,149.0,南,1室1厅1卫,11000
整租·淘金家园一期 2室1厅 东,越秀,淘金,95.0,东,2室1厅1卫,5800
整租·岭南新世界 1室0厅 北,白云,嘉禾望岗,12.5,北,1室0厅0卫,1000
整租·鹅潭汇·SOHO 1室1厅 东南,荔湾,滘口,50.0,东,1室1厅1卫,1600
整租·鹅潭汇·SOHO 1室1厅 东南,荔湾,滘口,50.0,东,1室1厅1卫,1600
整租·侨林苑 3室1厅 南/北,天河,林和,115.0,南,3室1厅2卫,6500
整租·中山三路 3室1厅 东,越秀,农讲所,78.0,东,3室1厅1卫,4500
整租·壹诚大厦 1室1厅 南,荔湾,东塱,25.0,南,1室1厅1卫,2200
整租·江南大道中 1室1厅 南,海珠,江南大道中,38.0,南,1室1厅1卫,1800
整租·碧桂园凤凰城凤雅苑 6室2厅 南,增城,凤凰城,515.0,南,6室2厅4卫,25000
整租·黄华路 2室1厅 东/南,越秀,建设路,60.0,东,2室1厅1卫,3500
整租·招商城市主场 2室2厅 南,番禺,万博,71.76,南,2室2厅1卫,4000
合租·芭堤水岸 4居室 北卧,海珠,滨江东,13.6,北,4室1厅1卫,2236
整租·东瀚园商务大厦 3室1厅 东,番禺,东怡新区,121.0,东,3室1厅0卫,5000
整租·豫章苑 4室2厅 东北,黄埔,大沙地,125.0,东,4室2厅2卫,5300
整租·保利领秀海 4室2厅 南/北,番禺,莲花山,139.0,南,4室2厅2卫,6300
整租·敏捷尚品国际 1室2厅 北,南沙,进港大道,57.0,北,1室2厅1卫,1400
整租·滨江明珠 4室2厅 南/北,海珠,滨江东,193.5,南,4室2厅2卫,16000
整租·湾区·金融城 4室2厅 南,南沙,明珠湾,139.0,南,4室2厅2卫,3200
整租·侨源山庄 3室1厅 南,天河,粤垦,108.0,南,3室1厅1卫,4600
整租·奥园城市天地 2室1厅 南,番禺,汉溪长隆,58.0,南,2室1厅1卫,3600
整租·南沙涉外公馆 2室1厅 复式 南,南沙,进港大道,50.0,南,2室1厅1卫,1600
合租·侨怡苑 2居室 东南卧,天河,体育中心,30.0,东,2室0厅1卫,4000
整租·时代南湾 4室2厅 东南/西北,南沙,南沙港,138.0,东,4室2厅2卫,1800
整租·东涌路 3室1厅 南,番禺,市桥,65.0,南,3室1厅1卫,2100
整租·奥园中环广场 1室1厅 南,南沙,金洲,53.35,南,1室1厅1卫,2000
整租·北丽园 1室1厅 南,番禺,市桥,40.0,南,1室1厅1卫,1200
整租·佳兆业悦江府 4室2厅 南,南沙,明珠湾,125.0,南,4室2厅2卫,3500
整租·越秀明珠天悦江湾 3室2厅 南/北,南沙,明珠湾,89.0,南,3室2厅2卫,2800
整租·信基玥岛 3室1厅 南,番禺,厦滘,45.0,南,3室1厅2卫,4000
整租·广州雅居乐花园上善若水 1室0厅 南/北,番禺,雅居乐,13.0,南,1室0厅0卫,500
整租·万博翠湖花园 6室2厅 南,番禺,汉溪长隆,432.6,南,6室2厅1卫,13000
整租·保利和悦滨江 4室1厅 南/西南,荔湾,西朗,107.0,南,4室1厅2卫,7000
合租·东洲大厦 3居室 西南卧,天河,天河南,30.0,西,3室1厅1卫,4500
整租·番禺招商金山谷意库 1室1厅 北,番禺,金山谷,40.0,北,1室1厅1卫,2250
整租·来福园 4室1厅 南,番禺,市桥,89.0,南,4室1厅1卫,3800
整租·百脑汇科技大厦 2室1厅 北,天河,石牌,97.0,北,2室1厅1卫,5500
整租·丽影华庭C区 1室1厅 南/北,海珠,客村,55.0,南,1室1厅1卫,4600
整租·合景天峻 2室1厅 北,黄埔,知识城,42.0,北,2室1厅1卫,1700
合租·淘金坑 1居室 南卧,越秀,淘金,30.0,南,1室0厅0卫,1600
整租·天健上城 3室2厅 南,天河,广氮,170.0,南,3室2厅2卫,8500
整租·天誉华庭 2室1厅 东/南/北,天河,龙口西,75.0,东,2室1厅1卫,5100
整租·南沙湾御苑 3室2厅 南/北,南沙,南沙港,111.4,南,3室2厅1卫,2500
整租·绿地空港国际中心 2室1厅 南,花都,镜湖大道,46.0,南,2室1厅1卫,2000
整租·创鸿嘉园 2室2厅 北,南沙,金洲,50.0,北,2室2厅1卫,1400
整租·敏捷绿湖首府一期 3室2厅 南/西南,增城,石滩镇,120.0,南,3室2厅2卫,1700
整租·东方名都花园 4室2厅 复式 东,增城,白江,144.0,东,4室2厅2卫,3500
整租·公路规划局宿舍 3室1厅 南,天河,沙太南,71.0,南,3室1厅1卫,2800
整租·雅居乐花园一尺山居 3室2厅 南,番禺,雅居乐,97.0,南,3室2厅1卫,4400
整租·中建·映花悦府 2室1厅 南,花都,铁路西,78.0,南,2室1厅1卫,1800
整租·越秀花苑大厦 1室0厅 西,越秀,小北,25.0,西,1室0厅1卫,2500
整租·暨南大学宿舍 1室1厅 南,天河,石牌,45.0,南,1室1厅1卫,3000
整租·时代南湾 4室2厅 南,南沙,南沙港,179.0,南,4室2厅3卫,4000
整租·富力东山新天地公寓 1室0厅 北,越秀,五羊新城,50.0,北,1室0厅1卫,5300
整租·增城万达广场 1室0厅 北,增城,增城区府,53.0,北,1室0厅1卫,1312
整租·禺秀园 3室2厅 南/北,番禺,市桥,117.0,南,3室2厅2卫,3150
整租·峰境园 5室2厅 复式 南/北,花都,北兴镇,206.0,南,5室2厅3卫,5800
整租·长寿西路 2室1厅 东,荔湾,西关,40.0,东,2室1厅1卫,1900
整租·中海橡园国际 1室0厅 北,海珠,工业大道北,12.5,北,1室0厅0卫,1000
整租·南沙金茂湾 2室2厅 南,南沙,明珠湾,85.0,南,2室2厅1卫,3700
整租·悠山时光 3室2厅 南,南沙,南沙港,110.0,南,3室2厅2卫,2100
整租·富力泉天下 2室1厅 东南,从化,温泉镇,84.0,东,2室1厅1卫,1500
整租·时代印象 3室2厅 南,从化,太平镇,88.0,南,3室2厅2卫,1500
整租·奥园国际中心 1室1厅 南,番禺,万博,149.0,南,1室1厅1卫,11000
整租·越秀国际总部广场 3室2厅 东,南沙,金洲,63.0,东,3室2厅2卫,2100
整租·奥园国际中心 1室1厅 南,番禺,万博,149.0,南,1室1厅1卫,11000
整租·淘金家园一期 2室1厅 东,越秀,淘金,95.0,东,2室1厅1卫,5800
整租·岭南新世界 1室0厅 北,白云,嘉禾望岗,12.5,北,1室0厅0卫,1000
整租·鹅潭汇·SOHO 1室1厅 东南,荔湾,滘口,50.0,东,1室1厅1卫,1600
整租·鹅潭汇·SOHO 1室1厅 东南,荔湾,滘口,50.0,东,1室1厅1卫,1600
整租·宝岗大道 3室2厅 南/北,海珠,宝岗,98.0,南,3室2厅1卫,3700
整租·骏逸湖畔花苑 4室2厅 南/北,从化,太平镇,170.0,南,4室2厅2卫,2800
整租·百灵路 1室1厅 北,越秀,盘福,25.0,北,1室1厅1卫,1400
整租·南沙金茂湾 2室1厅 西南,南沙,明珠湾,54.0,西,2室1厅2卫,2500
整租·实地常春藤 5室2厅 南/北,黄埔,黄埔永和,138.0,南,5室2厅2卫,2600
整租·盘福路 3室1厅 南,越秀,盘福,50.0,南,3室1厅1卫,3500
整租·荔湾新天地 2室1厅 南,荔湾,广钢新城,46.0,南,2室1厅1卫,4500
整租·正佳东方国际 1室1厅 南,越秀,淘金,210.0,南,1室1厅1卫,19500
整租·金地香山湖香汇花园 4室2厅 南,增城,永宁,128.0,南,4室2厅2卫,1900
整租·中冠大厦 1室1厅 东,越秀,五羊新城,35.0,东,1室1厅1卫,4100
整租·祥景花园B区 3室2厅 南,白云,黄石,103.0,南,3室2厅2卫,4500
整租·中冠大厦 1室1厅 西南,越秀,五羊新城,35.0,西,1室1厅1卫,4100
整租·晓港湾 1室1厅 东,海珠,东晓南,30.0,东,1室1厅1卫,1800
整租·西关海 1室0厅 东,荔湾,南岸路,13.0,东,1室0厅0卫,1000
整租·敏捷上城商务中心 3室1厅 东南,番禺,万博,90.0,东,3室1厅2卫,5800
整租·领峰园 3室2厅 南,天河,珠江新城中,160.0,南,3室2厅2卫,17800
整租·时代风华 1室1厅 南,增城,新塘北,33.0,南,1室1厅1卫,1600
整租·人和丽景苑 4室4厅 西南,白云,人和,180.0,西,4室4厅2卫,6000
整租·天伦东时区 3室1厅 东,黄埔,黄埔区府,90.0,东,3室1厅1卫,3720
